drug_ingredient,has_inn,brand,company,indication,flags,source_regions,latest_date,gap_code,gap_label,foreign_stages_json,taiwan_stages_json,gap_json,news_json,articles_json
oveporexton,True,Orzeyful,,To treat narcolepsy type 1,臨床 三期,US-FDA,2026-08-05,foreign_approved_tw_pending,🚨 國外已核准 ｜ 台灣未上市,"{""stages"": [{""id"": ""foreign-1"", ""reached"": true, ""label"": ""實證文獻"", ""title"": ""臨床 三期 試驗"", ""url"": ""https://pubmed.ncbi.nlm.nih.gov/?term=oveporexton+AND+(Phase+3+OR+%22Phase+III%22+OR+%22clinical+trial%22)+AND+(%22last+1+years%22%5BPDat%5D)"", ""temp_class"": ""temp-blue""}, {""id"": ""foreign-2"", ""reached"": true, ""label"": ""國外審查"", ""title"": ""FDA 審查完成"", ""url"": ""https://www.fda.gov/drugs/novel-drug-approvals-fda/novel-drug-approvals-2026"", ""temp_class"": ""temp-amber""}, {""id"": ""foreign-3"", ""reached"": true, ""label"": ""國外核准"", ""title"": ""FDA 正式核准"", ""url"": ""https://www.fda.gov/drugs/novel-drug-approvals-fda/novel-drug-approvals-2026"", ""temp_class"": ""temp-red""}], ""active_count"": 3, ""highest_title"": ""FDA 正式核准""}","{""stages"": [{""id"": ""tw-1"", ""reached"": false, ""label"": ""台灣審查"", ""title"": ""尚未出現"", ""url"": ""https://www.fda.gov.tw/tc/siteSearch.aspx?q=oveporexton"", ""temp_class"": ""temp-blue""}, {""id"": ""tw-2"", ""reached"": false, ""label"": ""取得藥證"", ""title"": ""尚未出現"", ""url"": ""https://www.fda.gov.tw/tc/sitelist.aspx?sid=2712"", ""temp_class"": ""temp-teal""}, {""id"": ""tw-3"", ""reached"": false, ""label"": ""核准健保給付"", ""title"": ""尚未出現"", ""url"": ""https://www.nhi.gov.tw/ch/cp-1296-1c080-3269-1.html"", ""temp_class"": ""temp-red""}], ""active_count"": 0, ""license_no"": """", ""highest_title"": ""尚未出現""}","{""code"": ""foreign_approved_tw_pending"", ""label"": ""🚨 國外已核准 ｜ 台灣未上市"", ""badge_class"": ""badge-gap-danger"", ""desc"": ""FDA 已正式核准上市，台灣尚未取得許可證（關鍵進度落差）""}",[],"[{""source"": ""US-FDA"", ""title"": ""FDA 核准新分子實體：Orzeyful"", ""summary"": ""To treat narcolepsy type 1"", ""url"": ""https://www.fda.gov/drugs/novel-drug-approvals-fda/novel-drug-approvals-2026"", ""date"": ""2026-08-05"", ""extras"": {""kind"": ""approval"", ""phase"": ""三期"", ""pubmed_p3_count"": 4, ""pubmed_top_id"": ""42583265""}}]"
Bevacizumab,True,,"OUTLOOK THERAPEUTICS, INC.",Treatment of adult patients with advanced or metastatic cancers,臨床 三期,EU-EMA,2026-08-04,foreign_review_tw_pending,⏳ 國外審查中 ｜ 台灣未送件,"{""stages"": [{""id"": ""foreign-1"", ""reached"": true, ""label"": ""實證文獻"", ""title"": ""臨床 三期 試驗"", ""url"": ""https://pubmed.ncbi.nlm.nih.gov/?term=Bevacizumab+AND+(Phase+3+OR+%22Phase+III%22+OR+%22clinical+trial%22)+AND+(%22last+1+years%22%5BPDat%5D)"", ""temp_class"": ""temp-blue""}, {""id"": ""foreign-2"", ""reached"": true, ""label"": ""國外審查"", ""title"": ""EMA 審查中"", ""url"": ""https://www.ema.europa.eu/en/documents/report/applications-new-human-medicines-under-evaluation-august-2026_en.xlsx"", ""temp_class"": ""temp-amber""}, {""id"": ""foreign-3"", ""reached"": false, ""label"": ""國外核准"", ""title"": ""尚未出現"", ""url"": ""https://www.fda.gov/drugs/development-approval-process-drugs/novel-drug-approvals-fda"", ""temp_class"": ""temp-red""}], ""active_count"": 2, ""highest_title"": ""EMA 審查中""}","{""stages"": [{""id"": ""tw-1"", ""reached"": false, ""label"": ""台灣審查"", ""title"": ""尚未出現"", ""url"": ""https://www.fda.gov.tw/tc/siteSearch.aspx?q=Bevacizumab"", ""temp_class"": ""temp-blue""}, {""id"": ""tw-2"", ""reached"": false, ""label"": ""取得藥證"", ""title"": ""尚未出現"", ""url"": ""https://www.fda.gov.tw/tc/sitelist.aspx?sid=2712"", ""temp_class"": ""temp-teal""}, {""id"": ""tw-3"", ""reached"": false, ""label"": ""核准健保給付"", ""title"": ""尚未出現"", ""url"": ""https://www.nhi.gov.tw/ch/cp-1296-1c080-3269-1.html"", ""temp_class"": ""temp-red""}], ""active_count"": 0, ""license_no"": """", ""highest_title"": ""尚未出現""}","{""code"": ""foreign_review_tw_pending"", ""label"": ""⏳ 國外審查中 ｜ 台灣未送件"", ""badge_class"": ""badge-gap-warning"", ""desc"": ""國外 EMA / FDA 審查進行中，台灣尚未有公開申請紀錄""}",[],"[{""source"": ""EU-EMA"", ""title"": ""EMA 審查中：Bevacizumab"", ""summary"": ""Treatment of adult patients with advanced or metastatic cancers"", ""url"": ""https://www.ema.europa.eu/en/documents/report/applications-new-human-medicines-under-evaluation-august-2026_en.xlsx"", ""date"": ""2026-08-04"", ""extras"": {""kind"": ""under_evaluation"", ""snapshot"": true, ""orphan"": false, ""prime"": false, ""accelerated"": false, ""ema_product_no"": ""EMEA/H/C/005995"", ""application_no"": ""BLA761320"", ""phase"": ""三期"", ""pubmed_p3_count"": 231, ""pubmed_top_id"": ""42588704""}}]"
Apixaban,True,,,"Prevention of venous thromboembolic events (VTE), stroke and systemic embolism; treatment of deep vein thrombosis (DVT) and pulmonary embolism (PE) in adults. Treatment of VTE in children from 28 days to < 18 years of age.",,EU-EMA,2026-08-04,foreign_review_tw_pending,⏳ 國外審查中 ｜ 台灣未送件,"{""stages"": [{""id"": ""foreign-1"", ""reached"": true, ""label"": ""實證文獻"", ""title"": ""臨床實證已登錄"", ""url"": ""https://pubmed.ncbi.nlm.nih.gov/?term=Apixaban+AND+(Phase+3+OR+%22Phase+III%22+OR+%22clinical+trial%22)+AND+(%22last+1+years%22%5BPDat%5D)"", ""temp_class"": ""temp-blue""}, {""id"": ""foreign-2"", ""reached"": true, ""label"": ""國外審查"", ""title"": ""EMA 審查中"", ""url"": ""https://www.ema.europa.eu/en/documents/report/applications-new-human-medicines-under-evaluation-august-2026_en.xlsx"", ""temp_class"": ""temp-amber""}, {""id"": ""foreign-3"", ""reached"": false, ""label"": ""國外核准"", ""title"": ""尚未出現"", ""url"": ""https://www.fda.gov/drugs/development-approval-process-drugs/novel-drug-approvals-fda"", ""temp_class"": ""temp-red""}], ""active_count"": 2, ""highest_title"": ""EMA 審查中""}","{""stages"": [{""id"": ""tw-1"", ""reached"": false, ""label"": ""台灣審查"", ""title"": ""尚未出現"", ""url"": ""https://www.fda.gov.tw/tc/siteSearch.aspx?q=Apixaban"", ""temp_class"": ""temp-blue""}, {""id"": ""tw-2"", ""reached"": false, ""label"": ""取得藥證"", ""title"": ""尚未出現"", ""url"": ""https://www.fda.gov.tw/tc/sitelist.aspx?sid=2712"", ""temp_class"": ""temp-teal""}, {""id"": ""tw-3"", ""reached"": false, ""label"": ""核准健保給付"", ""title"": ""尚未出現"", ""url"": ""https://www.nhi.gov.tw/ch/cp-1296-1c080-3269-1.html"", ""temp_class"": ""temp-red""}], ""active_count"": 0, ""license_no"": """", ""highest_title"": ""尚未出現""}","{""code"": ""foreign_review_tw_pending"", ""label"": ""⏳ 國外審查中 ｜ 台灣未送件"", ""badge_class"": ""badge-gap-warning"", ""desc"": ""國外 EMA / FDA 審查進行中，台灣尚未有公開申請紀錄""}",[],"[{""source"": ""EU-EMA"", ""title"": ""EMA 審查中：Apixaban"", ""summary"": ""Prevention of venous thromboembolic events (VTE), stroke and systemic embolism; treatment of deep vein thrombosis (DVT) and pulmonary embolism (PE) in adults. Treatment of VTE in children from 28 days to < 18 years of age."", ""url"": ""https://www.ema.europa.eu/en/documents/report/applications-new-human-medicines-under-evaluation-august-2026_en.xlsx"", ""date"": ""2026-08-04"", ""extras"": {""kind"": ""under_evaluation"", ""snapshot"": true, ""orphan"": false, ""prime"": false, ""accelerated"": false, ""ema_product_no"": ""EMEA/H/C/006752"", ""pubmed_p3_count"": 54, ""pubmed_top_id"": ""42599041""}}]"
Orforglipron,True,,ELI LILLY AND CO,Treatment of obesity and type 2 diabetes mellitus in adults,臨床 三期,EU-EMA,2026-08-04,foreign_review_tw_pending,⏳ 國外審查中 ｜ 台灣未送件,"{""stages"": [{""id"": ""foreign-1"", ""reached"": true, ""label"": ""實證文獻"", ""title"": ""臨床 三期 試驗"", ""url"": ""https://pubmed.ncbi.nlm.nih.gov/?term=Orforglipron+AND+(Phase+3+OR+%22Phase+III%22+OR+%22clinical+trial%22)+AND+(%22last+1+years%22%5BPDat%5D)"", ""temp_class"": ""temp-blue""}, {""id"": ""foreign-2"", ""reached"": true, ""label"": ""國外審查"", ""title"": ""EMA 審查中"", ""url"": ""https://www.ema.europa.eu/en/documents/report/applications-new-human-medicines-under-evaluation-august-2026_en.xlsx"", ""temp_class"": ""temp-amber""}, {""id"": ""foreign-3"", ""reached"": false, ""label"": ""國外核准"", ""title"": ""尚未出現"", ""url"": ""https://www.fda.gov/drugs/development-approval-process-drugs/novel-drug-approvals-fda"", ""temp_class"": ""temp-red""}], ""active_count"": 2, ""highest_title"": ""EMA 審查中""}","{""stages"": [{""id"": ""tw-1"", ""reached"": false, ""label"": ""台灣審查"", ""title"": ""尚未出現"", ""url"": ""https://www.fda.gov.tw/tc/siteSearch.aspx?q=Orforglipron"", ""temp_class"": ""temp-blue""}, {""id"": ""tw-2"", ""reached"": false, ""label"": ""取得藥證"", ""title"": ""尚未出現"", ""url"": ""https://www.fda.gov.tw/tc/sitelist.aspx?sid=2712"", ""temp_class"": ""temp-teal""}, {""id"": ""tw-3"", ""reached"": false, ""label"": ""核准健保給付"", ""title"": ""尚未出現"", ""url"": ""https://www.nhi.gov.tw/ch/cp-1296-1c080-3269-1.html"", ""temp_class"": ""temp-red""}], ""active_count"": 0, ""license_no"": """", ""highest_title"": ""尚未出現""}","{""code"": ""foreign_review_tw_pending"", ""label"": ""⏳ 國外審查中 ｜ 台灣未送件"", ""badge_class"": ""badge-gap-warning"", ""desc"": ""國外 EMA / FDA 審查進行中，台灣尚未有公開申請紀錄""}",[],"[{""source"": ""EU-EMA"", ""title"": ""EMA 審查中：Orforglipron"", ""summary"": ""Treatment of obesity and type 2 diabetes mellitus in adults"", ""url"": ""https://www.ema.europa.eu/en/documents/report/applications-new-human-medicines-under-evaluation-august-2026_en.xlsx"", ""date"": ""2026-08-04"", ""extras"": {""kind"": ""under_evaluation"", ""snapshot"": true, ""orphan"": false, ""prime"": false, ""accelerated"": false, ""ema_product_no"": ""EMEA/H/C/006632"", ""application_no"": ""NDA220934"", ""phase"": ""三期"", ""pubmed_p3_count"": 27, ""pubmed_top_id"": ""42582425""}}]"
Abatacept,True,,,"Treatment of rheumatoid, psoriatic arthritis and polyarticular juvenile idiopathic arthritis in patients 6 years of age and older",,EU-EMA,2026-08-04,foreign_review_tw_pending,⏳ 國外審查中 ｜ 台灣未送件,"{""stages"": [{""id"": ""foreign-1"", ""reached"": true, ""label"": ""實證文獻"", ""title"": ""臨床實證已登錄"", ""url"": ""https://pubmed.ncbi.nlm.nih.gov/?term=Abatacept+AND+(Phase+3+OR+%22Phase+III%22+OR+%22clinical+trial%22)+AND+(%22last+1+years%22%5BPDat%5D)"", ""temp_class"": ""temp-blue""}, {""id"": ""foreign-2"", ""reached"": true, ""label"": ""國外審查"", ""title"": ""EMA 審查中"", ""url"": ""https://www.ema.europa.eu/en/documents/report/applications-new-human-medicines-under-evaluation-august-2026_en.xlsx"", ""temp_class"": ""temp-amber""}, {""id"": ""foreign-3"", ""reached"": false, ""label"": ""國外核准"", ""title"": ""尚未出現"", ""url"": ""https://www.fda.gov/drugs/development-approval-process-drugs/novel-drug-approvals-fda"", ""temp_class"": ""temp-red""}], ""active_count"": 2, ""highest_title"": ""EMA 審查中""}","{""stages"": [{""id"": ""tw-1"", ""reached"": false, ""label"": ""台灣審查"", ""title"": ""尚未出現"", ""url"": ""https://www.fda.gov.tw/tc/siteSearch.aspx?q=Abatacept"", ""temp_class"": ""temp-blue""}, {""id"": ""tw-2"", ""reached"": false, ""label"": ""取得藥證"", ""title"": ""尚未出現"", ""url"": ""https://www.fda.gov.tw/tc/sitelist.aspx?sid=2712"", ""temp_class"": ""temp-teal""}, {""id"": ""tw-3"", ""reached"": false, ""label"": ""核准健保給付"", ""title"": ""尚未出現"", ""url"": ""https://www.nhi.gov.tw/ch/cp-1296-1c080-3269-1.html"", ""temp_class"": ""temp-red""}], ""active_count"": 0, ""license_no"": """", ""highest_title"": ""尚未出現""}","{""code"": ""foreign_review_tw_pending"", ""label"": ""⏳ 國外審查中 ｜ 台灣未送件"", ""badge_class"": ""badge-gap-warning"", ""desc"": ""國外 EMA / FDA 審查進行中，台灣尚未有公開申請紀錄""}",[],"[{""source"": ""EU-EMA"", ""title"": ""EMA 審查中：Abatacept"", ""summary"": ""Treatment of rheumatoid, psoriatic arthritis and polyarticular juvenile idiopathic arthritis in patients 6 years of age and older"", ""url"": ""https://www.ema.europa.eu/en/documents/report/applications-new-human-medicines-under-evaluation-august-2026_en.xlsx"", ""date"": ""2026-08-04"", ""extras"": {""kind"": ""under_evaluation"", ""snapshot"": true, ""orphan"": false, ""prime"": false, ""accelerated"": false, ""ema_product_no"": ""EMEA/H/C/006741"", ""pubmed_p3_count"": 24, ""pubmed_top_id"": ""42504757""}}]"
Baxdrostat,True,,ASTRAZENECA AB,Treatment of hypertension in adults,臨床 三期,EU-EMA,2026-08-04,foreign_review_tw_pending,⏳ 國外審查中 ｜ 台灣未送件,"{""stages"": [{""id"": ""foreign-1"", ""reached"": true, ""label"": ""實證文獻"", ""title"": ""臨床 三期 試驗"", ""url"": ""https://pubmed.ncbi.nlm.nih.gov/?term=Baxdrostat+AND+(Phase+3+OR+%22Phase+III%22+OR+%22clinical+trial%22)+AND+(%22last+1+years%22%5BPDat%5D)"", ""temp_class"": ""temp-blue""}, {""id"": ""foreign-2"", ""reached"": true, ""label"": ""國外審查"", ""title"": ""EMA 審查中"", ""url"": ""https://www.ema.europa.eu/en/documents/report/applications-new-human-medicines-under-evaluation-august-2026_en.xlsx"", ""temp_class"": ""temp-amber""}, {""id"": ""foreign-3"", ""reached"": false, ""label"": ""國外核准"", ""title"": ""尚未出現"", ""url"": ""https://www.fda.gov/drugs/development-approval-process-drugs/novel-drug-approvals-fda"", ""temp_class"": ""temp-red""}], ""active_count"": 2, ""highest_title"": ""EMA 審查中""}","{""stages"": [{""id"": ""tw-1"", ""reached"": false, ""label"": ""台灣審查"", ""title"": ""尚未出現"", ""url"": ""https://www.fda.gov.tw/tc/siteSearch.aspx?q=Baxdrostat"", ""temp_class"": ""temp-blue""}, {""id"": ""tw-2"", ""reached"": false, ""label"": ""取得藥證"", ""title"": ""尚未出現"", ""url"": ""https://www.fda.gov.tw/tc/sitelist.aspx?sid=2712"", ""temp_class"": ""temp-teal""}, {""id"": ""tw-3"", ""reached"": false, ""label"": ""核准健保給付"", ""title"": ""尚未出現"", ""url"": ""https://www.nhi.gov.tw/ch/cp-1296-1c080-3269-1.html"", ""temp_class"": ""temp-red""}], ""active_count"": 0, ""license_no"": """", ""highest_title"": ""尚未出現""}","{""code"": ""foreign_review_tw_pending"", ""label"": ""⏳ 國外審查中 ｜ 台灣未送件"", ""badge_class"": ""badge-gap-warning"", ""desc"": ""國外 EMA / FDA 審查進行中，台灣尚未有公開申請紀錄""}",[],"[{""source"": ""EU-EMA"", ""title"": ""EMA 審查中：Baxdrostat"", ""summary"": ""Treatment of hypertension in adults"", ""url"": ""https://www.ema.europa.eu/en/documents/report/applications-new-human-medicines-under-evaluation-august-2026_en.xlsx"", ""date"": ""2026-08-04"", ""extras"": {""kind"": ""under_evaluation"", ""snapshot"": true, ""orphan"": false, ""prime"": false, ""accelerated"": false, ""ema_product_no"": ""EMEA/H/C/006597"", ""application_no"": ""NDA219878"", ""phase"": ""三期"", ""pubmed_p3_count"": 17, ""pubmed_top_id"": ""42535833""}}]"
Asundexian,True,,,Prevention of ischaemic stroke in adults,,EU-EMA,2026-08-04,foreign_review_tw_pending,⏳ 國外審查中 ｜ 台灣未送件,"{""stages"": [{""id"": ""foreign-1"", ""reached"": true, ""label"": ""實證文獻"", ""title"": ""臨床實證已登錄"", ""url"": ""https://pubmed.ncbi.nlm.nih.gov/?term=Asundexian+AND+(Phase+3+OR+%22Phase+III%22+OR+%22clinical+trial%22)+AND+(%22last+1+years%22%5BPDat%5D)"", ""temp_class"": ""temp-blue""}, {""id"": ""foreign-2"", ""reached"": true, ""label"": ""國外審查"", ""title"": ""EMA 審查中"", ""url"": ""https://www.ema.europa.eu/en/documents/report/applications-new-human-medicines-under-evaluation-august-2026_en.xlsx"", ""temp_class"": ""temp-amber""}, {""id"": ""foreign-3"", ""reached"": false, ""label"": ""國外核准"", ""title"": ""尚未出現"", ""url"": ""https://www.fda.gov/drugs/development-approval-process-drugs/novel-drug-approvals-fda"", ""temp_class"": ""temp-red""}], ""active_count"": 2, ""highest_title"": ""EMA 審查中""}","{""stages"": [{""id"": ""tw-1"", ""reached"": false, ""label"": ""台灣審查"", ""title"": ""尚未出現"", ""url"": ""https://www.fda.gov.tw/tc/siteSearch.aspx?q=Asundexian"", ""temp_class"": ""temp-blue""}, {""id"": ""tw-2"", ""reached"": false, ""label"": ""取得藥證"", ""title"": ""尚未出現"", ""url"": ""https://www.fda.gov.tw/tc/sitelist.aspx?sid=2712"", ""temp_class"": ""temp-teal""}, {""id"": ""tw-3"", ""reached"": false, ""label"": ""核准健保給付"", ""title"": ""尚未出現"", ""url"": ""https://www.nhi.gov.tw/ch/cp-1296-1c080-3269-1.html"", ""temp_class"": ""temp-red""}], ""active_count"": 0, ""license_no"": """", ""highest_title"": ""尚未出現""}","{""code"": ""foreign_review_tw_pending"", ""label"": ""⏳ 國外審查中 ｜ 台灣未送件"", ""badge_class"": ""badge-gap-warning"", ""desc"": ""國外 EMA / FDA 審查進行中，台灣尚未有公開申請紀錄""}",[],"[{""source"": ""EU-EMA"", ""title"": ""EMA 審查中：Asundexian"", ""summary"": ""Prevention of ischaemic stroke in adults"", ""url"": ""https://www.ema.europa.eu/en/documents/report/applications-new-human-medicines-under-evaluation-august-2026_en.xlsx"", ""date"": ""2026-08-04"", ""extras"": {""kind"": ""under_evaluation"", ""snapshot"": true, ""orphan"": false, ""prime"": false, ""accelerated"": false, ""ema_product_no"": ""EMEA/H/C/006640"", ""pubmed_p3_count"": 16, ""pubmed_top_id"": ""42599041""}}]"
Atrasentan,True,,,Indicated for the treatment of adults with primary immunoglobulin A nephropathy,孤兒藥,EU-EMA,2026-08-04,foreign_review_tw_pending,⏳ 國外審查中 ｜ 台灣未送件,"{""stages"": [{""id"": ""foreign-1"", ""reached"": true, ""label"": ""實證文獻"", ""title"": ""臨床實證已登錄"", ""url"": ""https://pubmed.ncbi.nlm.nih.gov/?term=Atrasentan+AND+(Phase+3+OR+%22Phase+III%22+OR+%22clinical+trial%22)+AND+(%22last+1+years%22%5BPDat%5D)"", ""temp_class"": ""temp-blue""}, {""id"": ""foreign-2"", ""reached"": true, ""label"": ""國外審查"", ""title"": ""孤兒藥"", ""url"": ""https://www.ema.europa.eu/en/documents/report/applications-new-human-medicines-under-evaluation-august-2026_en.xlsx"", ""temp_class"": ""temp-amber""}, {""id"": ""foreign-3"", ""reached"": false, ""label"": ""國外核准"", ""title"": ""尚未出現"", ""url"": ""https://www.fda.gov/drugs/development-approval-process-drugs/novel-drug-approvals-fda"", ""temp_class"": ""temp-red""}], ""active_count"": 2, ""highest_title"": ""孤兒藥""}","{""stages"": [{""id"": ""tw-1"", ""reached"": false, ""label"": ""台灣審查"", ""title"": ""尚未出現"", ""url"": ""https://www.fda.gov.tw/tc/siteSearch.aspx?q=Atrasentan"", ""temp_class"": ""temp-blue""}, {""id"": ""tw-2"", ""reached"": false, ""label"": ""取得藥證"", ""title"": ""尚未出現"", ""url"": ""https://www.fda.gov.tw/tc/sitelist.aspx?sid=2712"", ""temp_class"": ""temp-teal""}, {""id"": ""tw-3"", ""reached"": false, ""label"": ""核准健保給付"", ""title"": ""尚未出現"", ""url"": ""https://www.nhi.gov.tw/ch/cp-1296-1c080-3269-1.html"", ""temp_class"": ""temp-red""}], ""active_count"": 0, ""license_no"": """", ""highest_title"": ""尚未出現""}","{""code"": ""foreign_review_tw_pending"", ""label"": ""⏳ 國外審查中 ｜ 台灣未送件"", ""badge_class"": ""badge-gap-warning"", ""desc"": ""國外 EMA / FDA 審查進行中，台灣尚未有公開申請紀錄""}",[],"[{""source"": ""EU-EMA"", ""title"": ""EMA 審查中：Atrasentan"", ""summary"": ""Indicated for the treatment of adults with primary immunoglobulin A nephropathy"", ""url"": ""https://www.ema.europa.eu/en/documents/report/applications-new-human-medicines-under-evaluation-august-2026_en.xlsx"", ""date"": ""2026-08-04"", ""extras"": {""kind"": ""under_evaluation"", ""snapshot"": true, ""orphan"": true, ""prime"": false, ""accelerated"": false, ""ema_product_no"": ""EMEA/H/C/006447"", ""pubmed_p3_count"": 6, ""pubmed_top_id"": ""42483539""}}]"
Bepirovirsen,True,,,Treatment of chronic hepatitis B virus (HBV) infection in adults,,EU-EMA,2026-08-04,foreign_review_tw_pending,⏳ 國外審查中 ｜ 台灣未送件,"{""stages"": [{""id"": ""foreign-1"", ""reached"": true, ""label"": ""實證文獻"", ""title"": ""臨床實證已登錄"", ""url"": ""https://pubmed.ncbi.nlm.nih.gov/?term=Bepirovirsen+AND+(Phase+3+OR+%22Phase+III%22+OR+%22clinical+trial%22)+AND+(%22last+1+years%22%5BPDat%5D)"", ""temp_class"": ""temp-blue""}, {""id"": ""foreign-2"", ""reached"": true, ""label"": ""國外審查"", ""title"": ""EMA 審查中"", ""url"": ""https://www.ema.europa.eu/en/documents/report/applications-new-human-medicines-under-evaluation-august-2026_en.xlsx"", ""temp_class"": ""temp-amber""}, {""id"": ""foreign-3"", ""reached"": false, ""label"": ""國外核准"", ""title"": ""尚未出現"", ""url"": ""https://www.fda.gov/drugs/development-approval-process-drugs/novel-drug-approvals-fda"", ""temp_class"": ""temp-red""}], ""active_count"": 2, ""highest_title"": ""EMA 審查中""}","{""stages"": [{""id"": ""tw-1"", ""reached"": false, ""label"": ""台灣審查"", ""title"": ""尚未出現"", ""url"": ""https://www.fda.gov.tw/tc/siteSearch.aspx?q=Bepirovirsen"", ""temp_class"": ""temp-blue""}, {""id"": ""tw-2"", ""reached"": false, ""label"": ""取得藥證"", ""title"": ""尚未出現"", ""url"": ""https://www.fda.gov.tw/tc/sitelist.aspx?sid=2712"", ""temp_class"": ""temp-teal""}, {""id"": ""tw-3"", ""reached"": false, ""label"": ""核准健保給付"", ""title"": ""尚未出現"", ""url"": ""https://www.nhi.gov.tw/ch/cp-1296-1c080-3269-1.html"", ""temp_class"": ""temp-red""}], ""active_count"": 0, ""license_no"": """", ""highest_title"": ""尚未出現""}","{""code"": ""foreign_review_tw_pending"", ""label"": ""⏳ 國外審查中 ｜ 台灣未送件"", ""badge_class"": ""badge-gap-warning"", ""desc"": ""國外 EMA / FDA 審查進行中，台灣尚未有公開申請紀錄""}",[],"[{""source"": ""EU-EMA"", ""title"": ""EMA 審查中：Bepirovirsen"", ""summary"": ""Treatment of chronic hepatitis B virus (HBV) infection in adults"", ""url"": ""https://www.ema.europa.eu/en/documents/report/applications-new-human-medicines-under-evaluation-august-2026_en.xlsx"", ""date"": ""2026-08-04"", ""extras"": {""kind"": ""under_evaluation"", ""snapshot"": true, ""orphan"": false, ""prime"": false, ""accelerated"": false, ""ema_product_no"": ""EMEA/H/C/006715"", ""pubmed_p3_count"": 6, ""pubmed_top_id"": ""42264034""}}]"
Relacorilant,True,,CORCEPT THERAP,"Treatment of adult patients with platinum-resistant epithelial ovarian, fallopian tube, or primary peritoneal cancer",孤兒藥 / 臨床 三期,EU-EMA,2026-08-04,foreign_review_tw_pending,⏳ 國外審查中 ｜ 台灣未送件,"{""stages"": [{""id"": ""foreign-1"", ""reached"": true, ""label"": ""實證文獻"", ""title"": ""臨床 三期 試驗"", ""url"": ""https://pubmed.ncbi.nlm.nih.gov/?term=Relacorilant+AND+(Phase+3+OR+%22Phase+III%22+OR+%22clinical+trial%22)+AND+(%22last+1+years%22%5BPDat%5D)"", ""temp_class"": ""temp-blue""}, {""id"": ""foreign-2"", ""reached"": true, ""label"": ""國外審查"", ""title"": ""孤兒藥"", ""url"": ""https://www.ema.europa.eu/en/documents/report/applications-new-human-medicines-under-evaluation-august-2026_en.xlsx"", ""temp_class"": ""temp-amber""}, {""id"": ""foreign-3"", ""reached"": false, ""label"": ""國外核准"", ""title"": ""尚未出現"", ""url"": ""https://www.fda.gov/drugs/development-approval-process-drugs/novel-drug-approvals-fda"", ""temp_class"": ""temp-red""}], ""active_count"": 2, ""highest_title"": ""孤兒藥""}","{""stages"": [{""id"": ""tw-1"", ""reached"": false, ""label"": ""台灣審查"", ""title"": ""尚未出現"", ""url"": ""https://www.fda.gov.tw/tc/siteSearch.aspx?q=Relacorilant"", ""temp_class"": ""temp-blue""}, {""id"": ""tw-2"", ""reached"": false, ""label"": ""取得藥證"", ""title"": ""尚未出現"", ""url"": ""https://www.fda.gov.tw/tc/sitelist.aspx?sid=2712"", ""temp_class"": ""temp-teal""}, {""id"": ""tw-3"", ""reached"": false, ""label"": ""核准健保給付"", ""title"": ""尚未出現"", ""url"": ""https://www.nhi.gov.tw/ch/cp-1296-1c080-3269-1.html"", ""temp_class"": ""temp-red""}], ""active_count"": 0, ""license_no"": """", ""highest_title"": ""尚未出現""}","{""code"": ""foreign_review_tw_pending"", ""label"": ""⏳ 國外審查中 ｜ 台灣未送件"", ""badge_class"": ""badge-gap-warning"", ""desc"": ""國外 EMA / FDA 審查進行中，台灣尚未有公開申請紀錄""}",[],"[{""source"": ""EU-EMA"", ""title"": ""EMA 審查中：Relacorilant"", ""summary"": ""Treatment of adult patients with platinum-resistant epithelial ovarian, fallopian tube, or primary peritoneal cancer"", ""url"": ""https://www.ema.europa.eu/en/documents/report/applications-new-human-medicines-under-evaluation-august-2026_en.xlsx"", ""date"": ""2026-08-04"", ""extras"": {""kind"": ""under_evaluation"", ""snapshot"": true, ""orphan"": true, ""prime"": false, ""accelerated"": false, ""ema_product_no"": ""EMEA/H/C/006731"", ""application_no"": ""NDA220641"", ""phase"": ""三期"", ""pubmed_p3_count"": 6, ""pubmed_top_id"": ""42494820""}}]"
Cemdisiran,True,,,Treatment of generalised myasthenia gravis in adult patients,,EU-EMA,2026-08-04,foreign_review_tw_pending,⏳ 國外審查中 ｜ 台灣未送件,"{""stages"": [{""id"": ""foreign-1"", ""reached"": true, ""label"": ""實證文獻"", ""title"": ""臨床實證已登錄"", ""url"": ""https://pubmed.ncbi.nlm.nih.gov/?term=Cemdisiran+AND+(Phase+3+OR+%22Phase+III%22+OR+%22clinical+trial%22)+AND+(%22last+1+years%22%5BPDat%5D)"", ""temp_class"": ""temp-blue""}, {""id"": ""foreign-2"", ""reached"": true, ""label"": ""國外審查"", ""title"": ""EMA 審查中"", ""url"": ""https://www.ema.europa.eu/en/documents/report/applications-new-human-medicines-under-evaluation-august-2026_en.xlsx"", ""temp_class"": ""temp-amber""}, {""id"": ""foreign-3"", ""reached"": false, ""label"": ""國外核准"", ""title"": ""尚未出現"", ""url"": ""https://www.fda.gov/drugs/development-approval-process-drugs/novel-drug-approvals-fda"", ""temp_class"": ""temp-red""}], ""active_count"": 2, ""highest_title"": ""EMA 審查中""}","{""stages"": [{""id"": ""tw-1"", ""reached"": false, ""label"": ""台灣審查"", ""title"": ""尚未出現"", ""url"": ""https://www.fda.gov.tw/tc/siteSearch.aspx?q=Cemdisiran"", ""temp_class"": ""temp-blue""}, {""id"": ""tw-2"", ""reached"": false, ""label"": ""取得藥證"", ""title"": ""尚未出現"", ""url"": ""https://www.fda.gov.tw/tc/sitelist.aspx?sid=2712"", ""temp_class"": ""temp-teal""}, {""id"": ""tw-3"", ""reached"": false, ""label"": ""核准健保給付"", ""title"": ""尚未出現"", ""url"": ""https://www.nhi.gov.tw/ch/cp-1296-1c080-3269-1.html"", ""temp_class"": ""temp-red""}], ""active_count"": 0, ""license_no"": """", ""highest_title"": ""尚未出現""}","{""code"": ""foreign_review_tw_pending"", ""label"": ""⏳ 國外審查中 ｜ 台灣未送件"", ""badge_class"": ""badge-gap-warning"", ""desc"": ""國外 EMA / FDA 審查進行中，台灣尚未有公開申請紀錄""}",[],"[{""source"": ""EU-EMA"", ""title"": ""EMA 審查中：Cemdisiran"", ""summary"": ""Treatment of generalised myasthenia gravis in adult patients"", ""url"": ""https://www.ema.europa.eu/en/documents/report/applications-new-human-medicines-under-evaluation-august-2026_en.xlsx"", ""date"": ""2026-08-04"", ""extras"": {""kind"": ""under_evaluation"", ""snapshot"": true, ""orphan"": false, ""prime"": false, ""accelerated"": false, ""ema_product_no"": ""EMEA/H/C/006877""}}]"
Cladribine,True,,,Treatment of acute myeloid leukaemia (AML) in adults,孤兒藥,EU-EMA,2026-08-04,foreign_review_tw_pending,⏳ 國外審查中 ｜ 台灣未送件,"{""stages"": [{""id"": ""foreign-1"", ""reached"": true, ""label"": ""實證文獻"", ""title"": ""臨床實證已登錄"", ""url"": ""https://pubmed.ncbi.nlm.nih.gov/?term=Cladribine+AND+(Phase+3+OR+%22Phase+III%22+OR+%22clinical+trial%22)+AND+(%22last+1+years%22%5BPDat%5D)"", ""temp_class"": ""temp-blue""}, {""id"": ""foreign-2"", ""reached"": true, ""label"": ""國外審查"", ""title"": ""孤兒藥"", ""url"": ""https://www.ema.europa.eu/en/documents/report/applications-new-human-medicines-under-evaluation-august-2026_en.xlsx"", ""temp_class"": ""temp-amber""}, {""id"": ""foreign-3"", ""reached"": false, ""label"": ""國外核准"", ""title"": ""尚未出現"", ""url"": ""https://www.fda.gov/drugs/development-approval-process-drugs/novel-drug-approvals-fda"", ""temp_class"": ""temp-red""}], ""active_count"": 2, ""highest_title"": ""孤兒藥""}","{""stages"": [{""id"": ""tw-1"", ""reached"": false, ""label"": ""台灣審查"", ""title"": ""尚未出現"", ""url"": ""https://www.fda.gov.tw/tc/siteSearch.aspx?q=Cladribine"", ""temp_class"": ""temp-blue""}, {""id"": ""tw-2"", ""reached"": false, ""label"": ""取得藥證"", ""title"": ""尚未出現"", ""url"": ""https://www.fda.gov.tw/tc/sitelist.aspx?sid=2712"", ""temp_class"": ""temp-teal""}, {""id"": ""tw-3"", ""reached"": false, ""label"": ""核准健保給付"", ""title"": ""尚未出現"", ""url"": ""https://www.nhi.gov.tw/ch/cp-1296-1c080-3269-1.html"", ""temp_class"": ""temp-red""}], ""active_count"": 0, ""license_no"": """", ""highest_title"": ""尚未出現""}","{""code"": ""foreign_review_tw_pending"", ""label"": ""⏳ 國外審查中 ｜ 台灣未送件"", ""badge_class"": ""badge-gap-warning"", ""desc"": ""國外 EMA / FDA 審查進行中，台灣尚未有公開申請紀錄""}",[],"[{""source"": ""EU-EMA"", ""title"": ""EMA 審查中：Cladribine"", ""summary"": ""Treatment of acute myeloid leukaemia (AML) in adults"", ""url"": ""https://www.ema.europa.eu/en/documents/report/applications-new-human-medicines-under-evaluation-august-2026_en.xlsx"", ""date"": ""2026-08-04"", ""extras"": {""kind"": ""under_evaluation"", ""snapshot"": true, ""orphan"": true, ""prime"": false, ""accelerated"": false, ""ema_product_no"": ""EMEA/H/C/006825""}}]"
Cosibelimab,True,,,Treatment of adult patients with metastatic or locally advanced cutaneous squamous cell carcinoma,,EU-EMA,2026-08-04,foreign_review_tw_pending,⏳ 國外審查中 ｜ 台灣未送件,"{""stages"": [{""id"": ""foreign-1"", ""reached"": true, ""label"": ""實證文獻"", ""title"": ""臨床實證已登錄"", ""url"": ""https://pubmed.ncbi.nlm.nih.gov/?term=Cosibelimab+AND+(Phase+3+OR+%22Phase+III%22+OR+%22clinical+trial%22)+AND+(%22last+1+years%22%5BPDat%5D)"", ""temp_class"": ""temp-blue""}, {""id"": ""foreign-2"", ""reached"": true, ""label"": ""國外審查"", ""title"": ""EMA 審查中"", ""url"": ""https://www.ema.europa.eu/en/documents/report/applications-new-human-medicines-under-evaluation-august-2026_en.xlsx"", ""temp_class"": ""temp-amber""}, {""id"": ""foreign-3"", ""reached"": false, ""label"": ""國外核准"", ""title"": ""尚未出現"", ""url"": ""https://www.fda.gov/drugs/development-approval-process-drugs/novel-drug-approvals-fda"", ""temp_class"": ""temp-red""}], ""active_count"": 2, ""highest_title"": ""EMA 審查中""}","{""stages"": [{""id"": ""tw-1"", ""reached"": false, ""label"": ""台灣審查"", ""title"": ""尚未出現"", ""url"": ""https://www.fda.gov.tw/tc/siteSearch.aspx?q=Cosibelimab"", ""temp_class"": ""temp-blue""}, {""id"": ""tw-2"", ""reached"": false, ""label"": ""取得藥證"", ""title"": ""尚未出現"", ""url"": ""https://www.fda.gov.tw/tc/sitelist.aspx?sid=2712"", ""temp_class"": ""temp-teal""}, {""id"": ""tw-3"", ""reached"": false, ""label"": ""核准健保給付"", ""title"": ""尚未出現"", ""url"": ""https://www.nhi.gov.tw/ch/cp-1296-1c080-3269-1.html"", ""temp_class"": ""temp-red""}], ""active_count"": 0, ""license_no"": """", ""highest_title"": ""尚未出現""}","{""code"": ""foreign_review_tw_pending"", ""label"": ""⏳ 國外審查中 ｜ 台灣未送件"", ""badge_class"": ""badge-gap-warning"", ""desc"": ""國外 EMA / FDA 審查進行中，台灣尚未有公開申請紀錄""}",[],"[{""source"": ""EU-EMA"", ""title"": ""EMA 審查中：Cosibelimab"", ""summary"": ""Treatment of adult patients with metastatic or locally advanced cutaneous squamous cell carcinoma"", ""url"": ""https://www.ema.europa.eu/en/documents/report/applications-new-human-medicines-under-evaluation-august-2026_en.xlsx"", ""date"": ""2026-08-04"", ""extras"": {""kind"": ""under_evaluation"", ""snapshot"": true, ""orphan"": false, ""prime"": false, ""accelerated"": false, ""ema_product_no"": ""EMEA/H/C/006880""}}]"
Denecimig,True,,,Prophylaxis of bleeding episodes in patients with haemophilia A,,EU-EMA,2026-08-04,foreign_review_tw_pending,⏳ 國外審查中 ｜ 台灣未送件,"{""stages"": [{""id"": ""foreign-1"", ""reached"": true, ""label"": ""實證文獻"", ""title"": ""臨床實證已登錄"", ""url"": ""https://pubmed.ncbi.nlm.nih.gov/?term=Denecimig+AND+(Phase+3+OR+%22Phase+III%22+OR+%22clinical+trial%22)+AND+(%22last+1+years%22%5BPDat%5D)"", ""temp_class"": ""temp-blue""}, {""id"": ""foreign-2"", ""reached"": true, ""label"": ""國外審查"", ""title"": ""EMA 審查中"", ""url"": ""https://www.ema.europa.eu/en/documents/report/applications-new-human-medicines-under-evaluation-august-2026_en.xlsx"", ""temp_class"": ""temp-amber""}, {""id"": ""foreign-3"", ""reached"": false, ""label"": ""國外核准"", ""title"": ""尚未出現"", ""url"": ""https://www.fda.gov/drugs/development-approval-process-drugs/novel-drug-approvals-fda"", ""temp_class"": ""temp-red""}], ""active_count"": 2, ""highest_title"": ""EMA 審查中""}","{""stages"": [{""id"": ""tw-1"", ""reached"": false, ""label"": ""台灣審查"", ""title"": ""尚未出現"", ""url"": ""https://www.fda.gov.tw/tc/siteSearch.aspx?q=Denecimig"", ""temp_class"": ""temp-blue""}, {""id"": ""tw-2"", ""reached"": false, ""label"": ""取得藥證"", ""title"": ""尚未出現"", ""url"": ""https://www.fda.gov.tw/tc/sitelist.aspx?sid=2712"", ""temp_class"": ""temp-teal""}, {""id"": ""tw-3"", ""reached"": false, ""label"": ""核准健保給付"", ""title"": ""尚未出現"", ""url"": ""https://www.nhi.gov.tw/ch/cp-1296-1c080-3269-1.html"", ""temp_class"": ""temp-red""}], ""active_count"": 0, ""license_no"": """", ""highest_title"": ""尚未出現""}","{""code"": ""foreign_review_tw_pending"", ""label"": ""⏳ 國外審查中 ｜ 台灣未送件"", ""badge_class"": ""badge-gap-warning"", ""desc"": ""國外 EMA / FDA 審查進行中，台灣尚未有公開申請紀錄""}",[],"[{""source"": ""EU-EMA"", ""title"": ""EMA 審查中：Denecimig"", ""summary"": ""Prophylaxis of bleeding episodes in patients with haemophilia A"", ""url"": ""https://www.ema.europa.eu/en/documents/report/applications-new-human-medicines-under-evaluation-august-2026_en.xlsx"", ""date"": ""2026-08-04"", ""extras"": {""kind"": ""under_evaluation"", ""snapshot"": true, ""orphan"": false, ""prime"": false, ""accelerated"": false, ""ema_product_no"": ""EMEA/H/C/006344""}}]"
Denosumab,True,,,Treatment of adult patients with osteoporosis or bone loss,,EU-EMA,2026-08-04,foreign_review_tw_pending,⏳ 國外審查中 ｜ 台灣未送件,"{""stages"": [{""id"": ""foreign-1"", ""reached"": true, ""label"": ""實證文獻"", ""title"": ""臨床實證已登錄"", ""url"": ""https://pubmed.ncbi.nlm.nih.gov/?term=Denosumab+AND+(Phase+3+OR+%22Phase+III%22+OR+%22clinical+trial%22)+AND+(%22last+1+years%22%5BPDat%5D)"", ""temp_class"": ""temp-blue""}, {""id"": ""foreign-2"", ""reached"": true, ""label"": ""國外審查"", ""title"": ""EMA 審查中"", ""url"": ""https://www.ema.europa.eu/en/documents/report/applications-new-human-medicines-under-evaluation-august-2026_en.xlsx"", ""temp_class"": ""temp-amber""}, {""id"": ""foreign-3"", ""reached"": false, ""label"": ""國外核准"", ""title"": ""尚未出現"", ""url"": ""https://www.fda.gov/drugs/development-approval-process-drugs/novel-drug-approvals-fda"", ""temp_class"": ""temp-red""}], ""active_count"": 2, ""highest_title"": ""EMA 審查中""}","{""stages"": [{""id"": ""tw-1"", ""reached"": false, ""label"": ""台灣審查"", ""title"": ""尚未出現"", ""url"": ""https://www.fda.gov.tw/tc/siteSearch.aspx?q=Denosumab"", ""temp_class"": ""temp-blue""}, {""id"": ""tw-2"", ""reached"": false, ""label"": ""取得藥證"", ""title"": ""尚未出現"", ""url"": ""https://www.fda.gov.tw/tc/sitelist.aspx?sid=2712"", ""temp_class"": ""temp-teal""}, {""id"": ""tw-3"", ""reached"": false, ""label"": ""核准健保給付"", ""title"": ""尚未出現"", ""url"": ""https://www.nhi.gov.tw/ch/cp-1296-1c080-3269-1.html"", ""temp_class"": ""temp-red""}], ""active_count"": 0, ""license_no"": """", ""highest_title"": ""尚未出現""}","{""code"": ""foreign_review_tw_pending"", ""label"": ""⏳ 國外審查中 ｜ 台灣未送件"", ""badge_class"": ""badge-gap-warning"", ""desc"": ""國外 EMA / FDA 審查進行中，台灣尚未有公開申請紀錄""}",[],"[{""source"": ""EU-EMA"", ""title"": ""EMA 審查中：Denosumab"", ""summary"": ""Treatment of adult patients with osteoporosis or bone loss"", ""url"": ""https://www.ema.europa.eu/en/documents/report/applications-new-human-medicines-under-evaluation-august-2026_en.xlsx"", ""date"": ""2026-08-04"", ""extras"": {""kind"": ""under_evaluation"", ""snapshot"": true, ""orphan"": false, ""prime"": false, ""accelerated"": false, ""ema_product_no"": ""EMEA/H/C/006710""}}]"
Deucrictibant,True,,,Treatment of acute attacks of hereditary angioedema (HAE) in adult and paediatric patients 12 years of age and older,孤兒藥,EU-EMA,2026-08-04,foreign_review_tw_pending,⏳ 國外審查中 ｜ 台灣未送件,"{""stages"": [{""id"": ""foreign-1"", ""reached"": true, ""label"": ""實證文獻"", ""title"": ""臨床實證已登錄"", ""url"": ""https://pubmed.ncbi.nlm.nih.gov/?term=Deucrictibant+AND+(Phase+3+OR+%22Phase+III%22+OR+%22clinical+trial%22)+AND+(%22last+1+years%22%5BPDat%5D)"", ""temp_class"": ""temp-blue""}, {""id"": ""foreign-2"", ""reached"": true, ""label"": ""國外審查"", ""title"": ""孤兒藥"", ""url"": ""https://www.ema.europa.eu/en/documents/report/applications-new-human-medicines-under-evaluation-august-2026_en.xlsx"", ""temp_class"": ""temp-amber""}, {""id"": ""foreign-3"", ""reached"": false, ""label"": ""國外核准"", ""title"": ""尚未出現"", ""url"": ""https://www.fda.gov/drugs/development-approval-process-drugs/novel-drug-approvals-fda"", ""temp_class"": ""temp-red""}], ""active_count"": 2, ""highest_title"": ""孤兒藥""}","{""stages"": [{""id"": ""tw-1"", ""reached"": false, ""label"": ""台灣審查"", ""title"": ""尚未出現"", ""url"": ""https://www.fda.gov.tw/tc/siteSearch.aspx?q=Deucrictibant"", ""temp_class"": ""temp-blue""}, {""id"": ""tw-2"", ""reached"": false, ""label"": ""取得藥證"", ""title"": ""尚未出現"", ""url"": ""https://www.fda.gov.tw/tc/sitelist.aspx?sid=2712"", ""temp_class"": ""temp-teal""}, {""id"": ""tw-3"", ""reached"": false, ""label"": ""核准健保給付"", ""title"": ""尚未出現"", ""url"": ""https://www.nhi.gov.tw/ch/cp-1296-1c080-3269-1.html"", ""temp_class"": ""temp-red""}], ""active_count"": 0, ""license_no"": """", ""highest_title"": ""尚未出現""}","{""code"": ""foreign_review_tw_pending"", ""label"": ""⏳ 國外審查中 ｜ 台灣未送件"", ""badge_class"": ""badge-gap-warning"", ""desc"": ""國外 EMA / FDA 審查進行中，台灣尚未有公開申請紀錄""}",[],"[{""source"": ""EU-EMA"", ""title"": ""EMA 審查中：Deucrictibant"", ""summary"": ""Treatment of acute attacks of hereditary angioedema (HAE) in adult and paediatric patients 12 years of age and older"", ""url"": ""https://www.ema.europa.eu/en/documents/report/applications-new-human-medicines-under-evaluation-august-2026_en.xlsx"", ""date"": ""2026-08-04"", ""extras"": {""kind"": ""under_evaluation"", ""snapshot"": true, ""orphan"": true, ""prime"": false, ""accelerated"": false, ""ema_product_no"": ""EMEA/H/C/006919""}}]"
Deuruxolitinib,True,,,Treatment of severe alopecia areata in adults,,EU-EMA,2026-08-04,foreign_review_tw_pending,⏳ 國外審查中 ｜ 台灣未送件,"{""stages"": [{""id"": ""foreign-1"", ""reached"": true, ""label"": ""實證文獻"", ""title"": ""臨床實證已登錄"", ""url"": ""https://pubmed.ncbi.nlm.nih.gov/?term=Deuruxolitinib+AND+(Phase+3+OR+%22Phase+III%22+OR+%22clinical+trial%22)+AND+(%22last+1+years%22%5BPDat%5D)"", ""temp_class"": ""temp-blue""}, {""id"": ""foreign-2"", ""reached"": true, ""label"": ""國外審查"", ""title"": ""EMA 審查中"", ""url"": ""https://www.ema.europa.eu/en/documents/report/applications-new-human-medicines-under-evaluation-august-2026_en.xlsx"", ""temp_class"": ""temp-amber""}, {""id"": ""foreign-3"", ""reached"": false, ""label"": ""國外核准"", ""title"": ""尚未出現"", ""url"": ""https://www.fda.gov/drugs/development-approval-process-drugs/novel-drug-approvals-fda"", ""temp_class"": ""temp-red""}], ""active_count"": 2, ""highest_title"": ""EMA 審查中""}","{""stages"": [{""id"": ""tw-1"", ""reached"": false, ""label"": ""台灣審查"", ""title"": ""尚未出現"", ""url"": ""https://www.fda.gov.tw/tc/siteSearch.aspx?q=Deuruxolitinib"", ""temp_class"": ""temp-blue""}, {""id"": ""tw-2"", ""reached"": false, ""label"": ""取得藥證"", ""title"": ""尚未出現"", ""url"": ""https://www.fda.gov.tw/tc/sitelist.aspx?sid=2712"", ""temp_class"": ""temp-teal""}, {""id"": ""tw-3"", ""reached"": false, ""label"": ""核准健保給付"", ""title"": ""尚未出現"", ""url"": ""https://www.nhi.gov.tw/ch/cp-1296-1c080-3269-1.html"", ""temp_class"": ""temp-red""}], ""active_count"": 0, ""license_no"": """", ""highest_title"": ""尚未出現""}","{""code"": ""foreign_review_tw_pending"", ""label"": ""⏳ 國外審查中 ｜ 台灣未送件"", ""badge_class"": ""badge-gap-warning"", ""desc"": ""國外 EMA / FDA 審查進行中，台灣尚未有公開申請紀錄""}",[],"[{""source"": ""EU-EMA"", ""title"": ""EMA 審查中：Deuruxolitinib"", ""summary"": ""Treatment of severe alopecia areata in adults"", ""url"": ""https://www.ema.europa.eu/en/documents/report/applications-new-human-medicines-under-evaluation-august-2026_en.xlsx"", ""date"": ""2026-08-04"", ""extras"": {""kind"": ""under_evaluation"", ""snapshot"": true, ""orphan"": false, ""prime"": false, ""accelerated"": false, ""ema_product_no"": ""EMEA/H/C/006812""}}]"
Doravirine / Islatravir,True,,,Treatment of HIV-1 infection in adults,,EU-EMA,2026-08-04,foreign_review_tw_pending,⏳ 國外審查中 ｜ 台灣未送件,"{""stages"": [{""id"": ""foreign-1"", ""reached"": true, ""label"": ""實證文獻"", ""title"": ""臨床實證已登錄"", ""url"": ""https://pubmed.ncbi.nlm.nih.gov/?term=Doravirine%20/%20Islatravir+AND+(Phase+3+OR+%22Phase+III%22+OR+%22clinical+trial%22)+AND+(%22last+1+years%22%5BPDat%5D)"", ""temp_class"": ""temp-blue""}, {""id"": ""foreign-2"", ""reached"": true, ""label"": ""國外審查"", ""title"": ""EMA 審查中"", ""url"": ""https://www.ema.europa.eu/en/documents/report/applications-new-human-medicines-under-evaluation-august-2026_en.xlsx"", ""temp_class"": ""temp-amber""}, {""id"": ""foreign-3"", ""reached"": false, ""label"": ""國外核准"", ""title"": ""尚未出現"", ""url"": ""https://www.fda.gov/drugs/development-approval-process-drugs/novel-drug-approvals-fda"", ""temp_class"": ""temp-red""}], ""active_count"": 2, ""highest_title"": ""EMA 審查中""}","{""stages"": [{""id"": ""tw-1"", ""reached"": false, ""label"": ""台灣審查"", ""title"": ""尚未出現"", ""url"": ""https://www.fda.gov.tw/tc/siteSearch.aspx?q=Doravirine%20/%20Islatravir"", ""temp_class"": ""temp-blue""}, {""id"": ""tw-2"", ""reached"": false, ""label"": ""取得藥證"", ""title"": ""尚未出現"", ""url"": ""https://www.fda.gov.tw/tc/sitelist.aspx?sid=2712"", ""temp_class"": ""temp-teal""}, {""id"": ""tw-3"", ""reached"": false, ""label"": ""核准健保給付"", ""title"": ""尚未出現"", ""url"": ""https://www.nhi.gov.tw/ch/cp-1296-1c080-3269-1.html"", ""temp_class"": ""temp-red""}], ""active_count"": 0, ""license_no"": """", ""highest_title"": ""尚未出現""}","{""code"": ""foreign_review_tw_pending"", ""label"": ""⏳ 國外審查中 ｜ 台灣未送件"", ""badge_class"": ""badge-gap-warning"", ""desc"": ""國外 EMA / FDA 審查進行中，台灣尚未有公開申請紀錄""}",[],"[{""source"": ""EU-EMA"", ""title"": ""EMA 審查中：Doravirine / Islatravir"", ""summary"": ""Treatment of HIV-1 infection in adults"", ""url"": ""https://www.ema.europa.eu/en/documents/report/applications-new-human-medicines-under-evaluation-august-2026_en.xlsx"", ""date"": ""2026-08-04"", ""extras"": {""kind"": ""under_evaluation"", ""snapshot"": true, ""orphan"": false, ""prime"": false, ""accelerated"": false, ""ema_product_no"": ""EMEA/H/C/006642""}}]"
Emapalumab,True,,,Treatment of acute or recurrent secondary haemophagocytic lymphohistiocytosis (sHLH) in adult and paediatric patients (6 months and older),孤兒藥,EU-EMA,2026-08-04,foreign_review_tw_pending,⏳ 國外審查中 ｜ 台灣未送件,"{""stages"": [{""id"": ""foreign-1"", ""reached"": true, ""label"": ""實證文獻"", ""title"": ""臨床實證已登錄"", ""url"": ""https://pubmed.ncbi.nlm.nih.gov/?term=Emapalumab+AND+(Phase+3+OR+%22Phase+III%22+OR+%22clinical+trial%22)+AND+(%22last+1+years%22%5BPDat%5D)"", ""temp_class"": ""temp-blue""}, {""id"": ""foreign-2"", ""reached"": true, ""label"": ""國外審查"", ""title"": ""孤兒藥"", ""url"": ""https://www.ema.europa.eu/en/documents/report/applications-new-human-medicines-under-evaluation-august-2026_en.xlsx"", ""temp_class"": ""temp-amber""}, {""id"": ""foreign-3"", ""reached"": false, ""label"": ""國外核准"", ""title"": ""尚未出現"", ""url"": ""https://www.fda.gov/drugs/development-approval-process-drugs/novel-drug-approvals-fda"", ""temp_class"": ""temp-red""}], ""active_count"": 2, ""highest_title"": ""孤兒藥""}","{""stages"": [{""id"": ""tw-1"", ""reached"": false, ""label"": ""台灣審查"", ""title"": ""尚未出現"", ""url"": ""https://www.fda.gov.tw/tc/siteSearch.aspx?q=Emapalumab"", ""temp_class"": ""temp-blue""}, {""id"": ""tw-2"", ""reached"": false, ""label"": ""取得藥證"", ""title"": ""尚未出現"", ""url"": ""https://www.fda.gov.tw/tc/sitelist.aspx?sid=2712"", ""temp_class"": ""temp-teal""}, {""id"": ""tw-3"", ""reached"": false, ""label"": ""核准健保給付"", ""title"": ""尚未出現"", ""url"": ""https://www.nhi.gov.tw/ch/cp-1296-1c080-3269-1.html"", ""temp_class"": ""temp-red""}], ""active_count"": 0, ""license_no"": """", ""highest_title"": ""尚未出現""}","{""code"": ""foreign_review_tw_pending"", ""label"": ""⏳ 國外審查中 ｜ 台灣未送件"", ""badge_class"": ""badge-gap-warning"", ""desc"": ""國外 EMA / FDA 審查進行中，台灣尚未有公開申請紀錄""}",[],"[{""source"": ""EU-EMA"", ""title"": ""EMA 審查中：Emapalumab"", ""summary"": ""Treatment of acute or recurrent secondary haemophagocytic lymphohistiocytosis (sHLH) in adult and paediatric patients (6 months and older)"", ""url"": ""https://www.ema.europa.eu/en/documents/report/applications-new-human-medicines-under-evaluation-august-2026_en.xlsx"", ""date"": ""2026-08-04"", ""extras"": {""kind"": ""under_evaluation"", ""snapshot"": true, ""orphan"": true, ""prime"": false, ""accelerated"": false, ""ema_product_no"": ""EMEA/H/C/006790""}}]"
Enlicitide,True,,,Indicated in adults with primary hypercholesterolaemia or mixed dyslipidaemia,,EU-EMA,2026-08-04,foreign_review_tw_pending,⏳ 國外審查中 ｜ 台灣未送件,"{""stages"": [{""id"": ""foreign-1"", ""reached"": true, ""label"": ""實證文獻"", ""title"": ""臨床實證已登錄"", ""url"": ""https://pubmed.ncbi.nlm.nih.gov/?term=Enlicitide+AND+(Phase+3+OR+%22Phase+III%22+OR+%22clinical+trial%22)+AND+(%22last+1+years%22%5BPDat%5D)"", ""temp_class"": ""temp-blue""}, {""id"": ""foreign-2"", ""reached"": true, ""label"": ""國外審查"", ""title"": ""EMA 審查中"", ""url"": ""https://www.ema.europa.eu/en/documents/report/applications-new-human-medicines-under-evaluation-august-2026_en.xlsx"", ""temp_class"": ""temp-amber""}, {""id"": ""foreign-3"", ""reached"": false, ""label"": ""國外核准"", ""title"": ""尚未出現"", ""url"": ""https://www.fda.gov/drugs/development-approval-process-drugs/novel-drug-approvals-fda"", ""temp_class"": ""temp-red""}], ""active_count"": 2, ""highest_title"": ""EMA 審查中""}","{""stages"": [{""id"": ""tw-1"", ""reached"": false, ""label"": ""台灣審查"", ""title"": ""尚未出現"", ""url"": ""https://www.fda.gov.tw/tc/siteSearch.aspx?q=Enlicitide"", ""temp_class"": ""temp-blue""}, {""id"": ""tw-2"", ""reached"": false, ""label"": ""取得藥證"", ""title"": ""尚未出現"", ""url"": ""https://www.fda.gov.tw/tc/sitelist.aspx?sid=2712"", ""temp_class"": ""temp-teal""}, {""id"": ""tw-3"", ""reached"": false, ""label"": ""核准健保給付"", ""title"": ""尚未出現"", ""url"": ""https://www.nhi.gov.tw/ch/cp-1296-1c080-3269-1.html"", ""temp_class"": ""temp-red""}], ""active_count"": 0, ""license_no"": """", ""highest_title"": ""尚未出現""}","{""code"": ""foreign_review_tw_pending"", ""label"": ""⏳ 國外審查中 ｜ 台灣未送件"", ""badge_class"": ""badge-gap-warning"", ""desc"": ""國外 EMA / FDA 審查進行中，台灣尚未有公開申請紀錄""}",[],"[{""source"": ""EU-EMA"", ""title"": ""EMA 審查中：Enlicitide"", ""summary"": ""Indicated in adults with primary hypercholesterolaemia or mixed dyslipidaemia"", ""url"": ""https://www.ema.europa.eu/en/documents/report/applications-new-human-medicines-under-evaluation-august-2026_en.xlsx"", ""date"": ""2026-08-04"", ""extras"": {""kind"": ""under_evaluation"", ""snapshot"": true, ""orphan"": false, ""prime"": false, ""accelerated"": false, ""ema_product_no"": ""EMEA/H/C/006815""}}]"
Ensartinib,True,,,The treatment of adult patients with anaplastic lymphoma kinase (ALK)-positive advanced non-small cell lung cancer (NSCLC).,,EU-EMA,2026-08-04,foreign_review_tw_pending,⏳ 國外審查中 ｜ 台灣未送件,"{""stages"": [{""id"": ""foreign-1"", ""reached"": true, ""label"": ""實證文獻"", ""title"": ""臨床實證已登錄"", ""url"": ""https://pubmed.ncbi.nlm.nih.gov/?term=Ensartinib+AND+(Phase+3+OR+%22Phase+III%22+OR+%22clinical+trial%22)+AND+(%22last+1+years%22%5BPDat%5D)"", ""temp_class"": ""temp-blue""}, {""id"": ""foreign-2"", ""reached"": true, ""label"": ""國外審查"", ""title"": ""EMA 審查中"", ""url"": ""https://www.ema.europa.eu/en/documents/report/applications-new-human-medicines-under-evaluation-august-2026_en.xlsx"", ""temp_class"": ""temp-amber""}, {""id"": ""foreign-3"", ""reached"": false, ""label"": ""國外核准"", ""title"": ""尚未出現"", ""url"": ""https://www.fda.gov/drugs/development-approval-process-drugs/novel-drug-approvals-fda"", ""temp_class"": ""temp-red""}], ""active_count"": 2, ""highest_title"": ""EMA 審查中""}","{""stages"": [{""id"": ""tw-1"", ""reached"": false, ""label"": ""台灣審查"", ""title"": ""尚未出現"", ""url"": ""https://www.fda.gov.tw/tc/siteSearch.aspx?q=Ensartinib"", ""temp_class"": ""temp-blue""}, {""id"": ""tw-2"", ""reached"": false, ""label"": ""取得藥證"", ""title"": ""尚未出現"", ""url"": ""https://www.fda.gov.tw/tc/sitelist.aspx?sid=2712"", ""temp_class"": ""temp-teal""}, {""id"": ""tw-3"", ""reached"": false, ""label"": ""核准健保給付"", ""title"": ""尚未出現"", ""url"": ""https://www.nhi.gov.tw/ch/cp-1296-1c080-3269-1.html"", ""temp_class"": ""temp-red""}], ""active_count"": 0, ""license_no"": """", ""highest_title"": ""尚未出現""}","{""code"": ""foreign_review_tw_pending"", ""label"": ""⏳ 國外審查中 ｜ 台灣未送件"", ""badge_class"": ""badge-gap-warning"", ""desc"": ""國外 EMA / FDA 審查進行中，台灣尚未有公開申請紀錄""}",[],"[{""source"": ""EU-EMA"", ""title"": ""EMA 審查中：Ensartinib"", ""summary"": ""The treatment of adult patients with anaplastic lymphoma kinase (ALK)-positive advanced non-small cell lung cancer (NSCLC)."", ""url"": ""https://www.ema.europa.eu/en/documents/report/applications-new-human-medicines-under-evaluation-august-2026_en.xlsx"", ""date"": ""2026-08-04"", ""extras"": {""kind"": ""under_evaluation"", ""snapshot"": true, ""orphan"": false, ""prime"": false, ""accelerated"": false, ""ema_product_no"": ""EMEA/H/C/006757""}}]"
Etripamil,True,,,Indicated for the rapid conversion of paroxysmal supraventricular tachycardia (PSVT) episodes to sinus rhythm in adults.,,EU-EMA,2026-08-04,foreign_review_tw_pending,⏳ 國外審查中 ｜ 台灣未送件,"{""stages"": [{""id"": ""foreign-1"", ""reached"": true, ""label"": ""實證文獻"", ""title"": ""臨床實證已登錄"", ""url"": ""https://pubmed.ncbi.nlm.nih.gov/?term=Etripamil+AND+(Phase+3+OR+%22Phase+III%22+OR+%22clinical+trial%22)+AND+(%22last+1+years%22%5BPDat%5D)"", ""temp_class"": ""temp-blue""}, {""id"": ""foreign-2"", ""reached"": true, ""label"": ""國外審查"", ""title"": ""EMA 審查中"", ""url"": ""https://www.ema.europa.eu/en/documents/report/applications-new-human-medicines-under-evaluation-august-2026_en.xlsx"", ""temp_class"": ""temp-amber""}, {""id"": ""foreign-3"", ""reached"": false, ""label"": ""國外核准"", ""title"": ""尚未出現"", ""url"": ""https://www.fda.gov/drugs/development-approval-process-drugs/novel-drug-approvals-fda"", ""temp_class"": ""temp-red""}], ""active_count"": 2, ""highest_title"": ""EMA 審查中""}","{""stages"": [{""id"": ""tw-1"", ""reached"": false, ""label"": ""台灣審查"", ""title"": ""尚未出現"", ""url"": ""https://www.fda.gov.tw/tc/siteSearch.aspx?q=Etripamil"", ""temp_class"": ""temp-blue""}, {""id"": ""tw-2"", ""reached"": false, ""label"": ""取得藥證"", ""title"": ""尚未出現"", ""url"": ""https://www.fda.gov.tw/tc/sitelist.aspx?sid=2712"", ""temp_class"": ""temp-teal""}, {""id"": ""tw-3"", ""reached"": false, ""label"": ""核准健保給付"", ""title"": ""尚未出現"", ""url"": ""https://www.nhi.gov.tw/ch/cp-1296-1c080-3269-1.html"", ""temp_class"": ""temp-red""}], ""active_count"": 0, ""license_no"": """", ""highest_title"": ""尚未出現""}","{""code"": ""foreign_review_tw_pending"", ""label"": ""⏳ 國外審查中 ｜ 台灣未送件"", ""badge_class"": ""badge-gap-warning"", ""desc"": ""國外 EMA / FDA 審查進行中，台灣尚未有公開申請紀錄""}",[],"[{""source"": ""EU-EMA"", ""title"": ""EMA 審查中：Etripamil"", ""summary"": ""Indicated for the rapid conversion of paroxysmal supraventricular tachycardia (PSVT) episodes to sinus rhythm in adults."", ""url"": ""https://www.ema.europa.eu/en/documents/report/applications-new-human-medicines-under-evaluation-august-2026_en.xlsx"", ""date"": ""2026-08-04"", ""extras"": {""kind"": ""under_evaluation"", ""snapshot"": true, ""orphan"": false, ""prime"": false, ""accelerated"": false, ""ema_product_no"": ""EMEA/H/C/006292""}}]"
Filgrastim,True,,,Treatment of neutropenia in adults and children,,EU-EMA,2026-08-04,foreign_review_tw_pending,⏳ 國外審查中 ｜ 台灣未送件,"{""stages"": [{""id"": ""foreign-1"", ""reached"": true, ""label"": ""實證文獻"", ""title"": ""臨床實證已登錄"", ""url"": ""https://pubmed.ncbi.nlm.nih.gov/?term=Filgrastim+AND+(Phase+3+OR+%22Phase+III%22+OR+%22clinical+trial%22)+AND+(%22last+1+years%22%5BPDat%5D)"", ""temp_class"": ""temp-blue""}, {""id"": ""foreign-2"", ""reached"": true, ""label"": ""國外審查"", ""title"": ""EMA 審查中"", ""url"": ""https://www.ema.europa.eu/en/documents/report/applications-new-human-medicines-under-evaluation-august-2026_en.xlsx"", ""temp_class"": ""temp-amber""}, {""id"": ""foreign-3"", ""reached"": false, ""label"": ""國外核准"", ""title"": ""尚未出現"", ""url"": ""https://www.fda.gov/drugs/development-approval-process-drugs/novel-drug-approvals-fda"", ""temp_class"": ""temp-red""}], ""active_count"": 2, ""highest_title"": ""EMA 審查中""}","{""stages"": [{""id"": ""tw-1"", ""reached"": false, ""label"": ""台灣審查"", ""title"": ""尚未出現"", ""url"": ""https://www.fda.gov.tw/tc/siteSearch.aspx?q=Filgrastim"", ""temp_class"": ""temp-blue""}, {""id"": ""tw-2"", ""reached"": false, ""label"": ""取得藥證"", ""title"": ""尚未出現"", ""url"": ""https://www.fda.gov.tw/tc/sitelist.aspx?sid=2712"", ""temp_class"": ""temp-teal""}, {""id"": ""tw-3"", ""reached"": false, ""label"": ""核准健保給付"", ""title"": ""尚未出現"", ""url"": ""https://www.nhi.gov.tw/ch/cp-1296-1c080-3269-1.html"", ""temp_class"": ""temp-red""}], ""active_count"": 0, ""license_no"": """", ""highest_title"": ""尚未出現""}","{""code"": ""foreign_review_tw_pending"", ""label"": ""⏳ 國外審查中 ｜ 台灣未送件"", ""badge_class"": ""badge-gap-warning"", ""desc"": ""國外 EMA / FDA 審查進行中，台灣尚未有公開申請紀錄""}",[],"[{""source"": ""EU-EMA"", ""title"": ""EMA 審查中：Filgrastim"", ""summary"": ""Treatment of neutropenia in adults and children"", ""url"": ""https://www.ema.europa.eu/en/documents/report/applications-new-human-medicines-under-evaluation-august-2026_en.xlsx"", ""date"": ""2026-08-04"", ""extras"": {""kind"": ""under_evaluation"", ""snapshot"": true, ""orphan"": false, ""prime"": false, ""accelerated"": false, ""ema_product_no"": ""EMEA/H/C/007009""}}]"
Fondaparinux sodium,True,,,"Prevention of venous thromboembolic events (VTE), treatment of deep vein thrombosis (DVT), treatment of pulmonary embolism, treatment of unstable angina and myocardial infarction in adults",,EU-EMA,2026-08-04,foreign_review_tw_pending,⏳ 國外審查中 ｜ 台灣未送件,"{""stages"": [{""id"": ""foreign-1"", ""reached"": true, ""label"": ""實證文獻"", ""title"": ""臨床實證已登錄"", ""url"": ""https://pubmed.ncbi.nlm.nih.gov/?term=Fondaparinux%20sodium+AND+(Phase+3+OR+%22Phase+III%22+OR+%22clinical+trial%22)+AND+(%22last+1+years%22%5BPDat%5D)"", ""temp_class"": ""temp-blue""}, {""id"": ""foreign-2"", ""reached"": true, ""label"": ""國外審查"", ""title"": ""EMA 審查中"", ""url"": ""https://www.ema.europa.eu/en/documents/report/applications-new-human-medicines-under-evaluation-august-2026_en.xlsx"", ""temp_class"": ""temp-amber""}, {""id"": ""foreign-3"", ""reached"": false, ""label"": ""國外核准"", ""title"": ""尚未出現"", ""url"": ""https://www.fda.gov/drugs/development-approval-process-drugs/novel-drug-approvals-fda"", ""temp_class"": ""temp-red""}], ""active_count"": 2, ""highest_title"": ""EMA 審查中""}","{""stages"": [{""id"": ""tw-1"", ""reached"": false, ""label"": ""台灣審查"", ""title"": ""尚未出現"", ""url"": ""https://www.fda.gov.tw/tc/siteSearch.aspx?q=Fondaparinux%20sodium"", ""temp_class"": ""temp-blue""}, {""id"": ""tw-2"", ""reached"": false, ""label"": ""取得藥證"", ""title"": ""尚未出現"", ""url"": ""https://www.fda.gov.tw/tc/sitelist.aspx?sid=2712"", ""temp_class"": ""temp-teal""}, {""id"": ""tw-3"", ""reached"": false, ""label"": ""核准健保給付"", ""title"": ""尚未出現"", ""url"": ""https://www.nhi.gov.tw/ch/cp-1296-1c080-3269-1.html"", ""temp_class"": ""temp-red""}], ""active_count"": 0, ""license_no"": """", ""highest_title"": ""尚未出現""}","{""code"": ""foreign_review_tw_pending"", ""label"": ""⏳ 國外審查中 ｜ 台灣未送件"", ""badge_class"": ""badge-gap-warning"", ""desc"": ""國外 EMA / FDA 審查進行中，台灣尚未有公開申請紀錄""}",[],"[{""source"": ""EU-EMA"", ""title"": ""EMA 審查中：Fondaparinux sodium"", ""summary"": ""Prevention of venous thromboembolic events (VTE), treatment of deep vein thrombosis (DVT), treatment of pulmonary embolism, treatment of unstable angina and myocardial infarction in adults"", ""url"": ""https://www.ema.europa.eu/en/documents/report/applications-new-human-medicines-under-evaluation-august-2026_en.xlsx"", ""date"": ""2026-08-04"", ""extras"": {""kind"": ""under_evaluation"", ""snapshot"": true, ""orphan"": false, ""prime"": false, ""accelerated"": false, ""ema_product_no"": ""EMEA/H/C/006824""}}]"
Garetosmab,True,,,Treatment of adult patients with fibrodysplasia ossificans progressiva (FOP),孤兒藥,EU-EMA,2026-08-04,foreign_review_tw_pending,⏳ 國外審查中 ｜ 台灣未送件,"{""stages"": [{""id"": ""foreign-1"", ""reached"": true, ""label"": ""實證文獻"", ""title"": ""臨床實證已登錄"", ""url"": ""https://pubmed.ncbi.nlm.nih.gov/?term=Garetosmab+AND+(Phase+3+OR+%22Phase+III%22+OR+%22clinical+trial%22)+AND+(%22last+1+years%22%5BPDat%5D)"", ""temp_class"": ""temp-blue""}, {""id"": ""foreign-2"", ""reached"": true, ""label"": ""國外審查"", ""title"": ""孤兒藥"", ""url"": ""https://www.ema.europa.eu/en/documents/report/applications-new-human-medicines-under-evaluation-august-2026_en.xlsx"", ""temp_class"": ""temp-amber""}, {""id"": ""foreign-3"", ""reached"": false, ""label"": ""國外核准"", ""title"": ""尚未出現"", ""url"": ""https://www.fda.gov/drugs/development-approval-process-drugs/novel-drug-approvals-fda"", ""temp_class"": ""temp-red""}], ""active_count"": 2, ""highest_title"": ""孤兒藥""}","{""stages"": [{""id"": ""tw-1"", ""reached"": false, ""label"": ""台灣審查"", ""title"": ""尚未出現"", ""url"": ""https://www.fda.gov.tw/tc/siteSearch.aspx?q=Garetosmab"", ""temp_class"": ""temp-blue""}, {""id"": ""tw-2"", ""reached"": false, ""label"": ""取得藥證"", ""title"": ""尚未出現"", ""url"": ""https://www.fda.gov.tw/tc/sitelist.aspx?sid=2712"", ""temp_class"": ""temp-teal""}, {""id"": ""tw-3"", ""reached"": false, ""label"": ""核准健保給付"", ""title"": ""尚未出現"", ""url"": ""https://www.nhi.gov.tw/ch/cp-1296-1c080-3269-1.html"", ""temp_class"": ""temp-red""}], ""active_count"": 0, ""license_no"": """", ""highest_title"": ""尚未出現""}","{""code"": ""foreign_review_tw_pending"", ""label"": ""⏳ 國外審查中 ｜ 台灣未送件"", ""badge_class"": ""badge-gap-warning"", ""desc"": ""國外 EMA / FDA 審查進行中，台灣尚未有公開申請紀錄""}",[],"[{""source"": ""EU-EMA"", ""title"": ""EMA 審查中：Garetosmab"", ""summary"": ""Treatment of adult patients with fibrodysplasia ossificans progressiva (FOP)"", ""url"": ""https://www.ema.europa.eu/en/documents/report/applications-new-human-medicines-under-evaluation-august-2026_en.xlsx"", ""date"": ""2026-08-04"", ""extras"": {""kind"": ""under_evaluation"", ""snapshot"": true, ""orphan"": true, ""prime"": false, ""accelerated"": false, ""ema_product_no"": ""EMEA/H/C/005750""}}]"
Gefurulimab,True,,,Treatment of adult patients with generalised myasthemia gravis (gMG),,EU-EMA,2026-08-04,foreign_review_tw_pending,⏳ 國外審查中 ｜ 台灣未送件,"{""stages"": [{""id"": ""foreign-1"", ""reached"": true, ""label"": ""實證文獻"", ""title"": ""臨床實證已登錄"", ""url"": ""https://pubmed.ncbi.nlm.nih.gov/?term=Gefurulimab+AND+(Phase+3+OR+%22Phase+III%22+OR+%22clinical+trial%22)+AND+(%22last+1+years%22%5BPDat%5D)"", ""temp_class"": ""temp-blue""}, {""id"": ""foreign-2"", ""reached"": true, ""label"": ""國外審查"", ""title"": ""EMA 審查中"", ""url"": ""https://www.ema.europa.eu/en/documents/report/applications-new-human-medicines-under-evaluation-august-2026_en.xlsx"", ""temp_class"": ""temp-amber""}, {""id"": ""foreign-3"", ""reached"": false, ""label"": ""國外核准"", ""title"": ""尚未出現"", ""url"": ""https://www.fda.gov/drugs/development-approval-process-drugs/novel-drug-approvals-fda"", ""temp_class"": ""temp-red""}], ""active_count"": 2, ""highest_title"": ""EMA 審查中""}","{""stages"": [{""id"": ""tw-1"", ""reached"": false, ""label"": ""台灣審查"", ""title"": ""尚未出現"", ""url"": ""https://www.fda.gov.tw/tc/siteSearch.aspx?q=Gefurulimab"", ""temp_class"": ""temp-blue""}, {""id"": ""tw-2"", ""reached"": false, ""label"": ""取得藥證"", ""title"": ""尚未出現"", ""url"": ""https://www.fda.gov.tw/tc/sitelist.aspx?sid=2712"", ""temp_class"": ""temp-teal""}, {""id"": ""tw-3"", ""reached"": false, ""label"": ""核准健保給付"", ""title"": ""尚未出現"", ""url"": ""https://www.nhi.gov.tw/ch/cp-1296-1c080-3269-1.html"", ""temp_class"": ""temp-red""}], ""active_count"": 0, ""license_no"": """", ""highest_title"": ""尚未出現""}","{""code"": ""foreign_review_tw_pending"", ""label"": ""⏳ 國外審查中 ｜ 台灣未送件"", ""badge_class"": ""badge-gap-warning"", ""desc"": ""國外 EMA / FDA 審查進行中，台灣尚未有公開申請紀錄""}",[],"[{""source"": ""EU-EMA"", ""title"": ""EMA 審查中：Gefurulimab"", ""summary"": ""Treatment of adult patients with generalised myasthemia gravis (gMG)"", ""url"": ""https://www.ema.europa.eu/en/documents/report/applications-new-human-medicines-under-evaluation-august-2026_en.xlsx"", ""date"": ""2026-08-04"", ""extras"": {""kind"": ""under_evaluation"", ""snapshot"": true, ""orphan"": false, ""prime"": false, ""accelerated"": false, ""ema_product_no"": ""EMEA/H/C/006558""}}]"
Glepaglutide,True,,,Treatment of adults with Short Bowel Syndrome,,EU-EMA,2026-08-04,foreign_review_tw_pending,⏳ 國外審查中 ｜ 台灣未送件,"{""stages"": [{""id"": ""foreign-1"", ""reached"": true, ""label"": ""實證文獻"", ""title"": ""臨床實證已登錄"", ""url"": ""https://pubmed.ncbi.nlm.nih.gov/?term=Glepaglutide+AND+(Phase+3+OR+%22Phase+III%22+OR+%22clinical+trial%22)+AND+(%22last+1+years%22%5BPDat%5D)"", ""temp_class"": ""temp-blue""}, {""id"": ""foreign-2"", ""reached"": true, ""label"": ""國外審查"", ""title"": ""EMA 審查中"", ""url"": ""https://www.ema.europa.eu/en/documents/report/applications-new-human-medicines-under-evaluation-august-2026_en.xlsx"", ""temp_class"": ""temp-amber""}, {""id"": ""foreign-3"", ""reached"": false, ""label"": ""國外核准"", ""title"": ""尚未出現"", ""url"": ""https://www.fda.gov/drugs/development-approval-process-drugs/novel-drug-approvals-fda"", ""temp_class"": ""temp-red""}], ""active_count"": 2, ""highest_title"": ""EMA 審查中""}","{""stages"": [{""id"": ""tw-1"", ""reached"": false, ""label"": ""台灣審查"", ""title"": ""尚未出現"", ""url"": ""https://www.fda.gov.tw/tc/siteSearch.aspx?q=Glepaglutide"", ""temp_class"": ""temp-blue""}, {""id"": ""tw-2"", ""reached"": false, ""label"": ""取得藥證"", ""title"": ""尚未出現"", ""url"": ""https://www.fda.gov.tw/tc/sitelist.aspx?sid=2712"", ""temp_class"": ""temp-teal""}, {""id"": ""tw-3"", ""reached"": false, ""label"": ""核准健保給付"", ""title"": ""尚未出現"", ""url"": ""https://www.nhi.gov.tw/ch/cp-1296-1c080-3269-1.html"", ""temp_class"": ""temp-red""}], ""active_count"": 0, ""license_no"": """", ""highest_title"": ""尚未出現""}","{""code"": ""foreign_review_tw_pending"", ""label"": ""⏳ 國外審查中 ｜ 台灣未送件"", ""badge_class"": ""badge-gap-warning"", ""desc"": ""國外 EMA / FDA 審查進行中，台灣尚未有公開申請紀錄""}",[],"[{""source"": ""EU-EMA"", ""title"": ""EMA 審查中：Glepaglutide"", ""summary"": ""Treatment of adults with Short Bowel Syndrome"", ""url"": ""https://www.ema.europa.eu/en/documents/report/applications-new-human-medicines-under-evaluation-august-2026_en.xlsx"", ""date"": ""2026-08-04"", ""extras"": {""kind"": ""under_evaluation"", ""snapshot"": true, ""orphan"": false, ""prime"": false, ""accelerated"": false, ""ema_product_no"": ""EMEA/H/C/005855""}}]"
Hexaminolevulinate,True,,,Treatment of adult patients with histologically confirmed cervical high-grade squamous intraepithelial lesions (HSIL),,EU-EMA,2026-08-04,foreign_review_tw_pending,⏳ 國外審查中 ｜ 台灣未送件,"{""stages"": [{""id"": ""foreign-1"", ""reached"": true, ""label"": ""實證文獻"", ""title"": ""臨床實證已登錄"", ""url"": ""https://pubmed.ncbi.nlm.nih.gov/?term=Hexaminolevulinate+AND+(Phase+3+OR+%22Phase+III%22+OR+%22clinical+trial%22)+AND+(%22last+1+years%22%5BPDat%5D)"", ""temp_class"": ""temp-blue""}, {""id"": ""foreign-2"", ""reached"": true, ""label"": ""國外審查"", ""title"": ""EMA 審查中"", ""url"": ""https://www.ema.europa.eu/en/documents/report/applications-new-human-medicines-under-evaluation-august-2026_en.xlsx"", ""temp_class"": ""temp-amber""}, {""id"": ""foreign-3"", ""reached"": false, ""label"": ""國外核准"", ""title"": ""尚未出現"", ""url"": ""https://www.fda.gov/drugs/development-approval-process-drugs/novel-drug-approvals-fda"", ""temp_class"": ""temp-red""}], ""active_count"": 2, ""highest_title"": ""EMA 審查中""}","{""stages"": [{""id"": ""tw-1"", ""reached"": false, ""label"": ""台灣審查"", ""title"": ""尚未出現"", ""url"": ""https://www.fda.gov.tw/tc/siteSearch.aspx?q=Hexaminolevulinate"", ""temp_class"": ""temp-blue""}, {""id"": ""tw-2"", ""reached"": false, ""label"": ""取得藥證"", ""title"": ""尚未出現"", ""url"": ""https://www.fda.gov.tw/tc/sitelist.aspx?sid=2712"", ""temp_class"": ""temp-teal""}, {""id"": ""tw-3"", ""reached"": false, ""label"": ""核准健保給付"", ""title"": ""尚未出現"", ""url"": ""https://www.nhi.gov.tw/ch/cp-1296-1c080-3269-1.html"", ""temp_class"": ""temp-red""}], ""active_count"": 0, ""license_no"": """", ""highest_title"": ""尚未出現""}","{""code"": ""foreign_review_tw_pending"", ""label"": ""⏳ 國外審查中 ｜ 台灣未送件"", ""badge_class"": ""badge-gap-warning"", ""desc"": ""國外 EMA / FDA 審查進行中，台灣尚未有公開申請紀錄""}",[],"[{""source"": ""EU-EMA"", ""title"": ""EMA 審查中：Hexaminolevulinate"", ""summary"": ""Treatment of adult patients with histologically confirmed cervical high-grade squamous intraepithelial lesions (HSIL)"", ""url"": ""https://www.ema.europa.eu/en/documents/report/applications-new-human-medicines-under-evaluation-august-2026_en.xlsx"", ""date"": ""2026-08-04"", ""extras"": {""kind"": ""under_evaluation"", ""snapshot"": true, ""orphan"": false, ""prime"": false, ""accelerated"": false, ""ema_product_no"": ""EMEA/H/C/006878""}}]"
Human IgG1 monoclonal antibody against insulin like growth factor-1 receptor,True,,,Treatment of thyroid eye disease (TED) in adults,,EU-EMA,2026-08-04,foreign_review_tw_pending,⏳ 國外審查中 ｜ 台灣未送件,"{""stages"": [{""id"": ""foreign-1"", ""reached"": true, ""label"": ""實證文獻"", ""title"": ""臨床實證已登錄"", ""url"": ""https://pubmed.ncbi.nlm.nih.gov/?term=Human%20IgG1%20monoclonal%20antibody%20against%20insulin%20like%20growth%20factor-1%20receptor+AND+(Phase+3+OR+%22Phase+III%22+OR+%22clinical+trial%22)+AND+(%22last+1+years%22%5BPDat%5D)"", ""temp_class"": ""temp-blue""}, {""id"": ""foreign-2"", ""reached"": true, ""label"": ""國外審查"", ""title"": ""EMA 審查中"", ""url"": ""https://www.ema.europa.eu/en/documents/report/applications-new-human-medicines-under-evaluation-august-2026_en.xlsx"", ""temp_class"": ""temp-amber""}, {""id"": ""foreign-3"", ""reached"": false, ""label"": ""國外核准"", ""title"": ""尚未出現"", ""url"": ""https://www.fda.gov/drugs/development-approval-process-drugs/novel-drug-approvals-fda"", ""temp_class"": ""temp-red""}], ""active_count"": 2, ""highest_title"": ""EMA 審查中""}","{""stages"": [{""id"": ""tw-1"", ""reached"": false, ""label"": ""台灣審查"", ""title"": ""尚未出現"", ""url"": ""https://www.fda.gov.tw/tc/siteSearch.aspx?q=Human%20IgG1%20monoclonal%20antibody%20against%20insulin%20like%20growth%20factor-1%20receptor"", ""temp_class"": ""temp-blue""}, {""id"": ""tw-2"", ""reached"": false, ""label"": ""取得藥證"", ""title"": ""尚未出現"", ""url"": ""https://www.fda.gov.tw/tc/sitelist.aspx?sid=2712"", ""temp_class"": ""temp-teal""}, {""id"": ""tw-3"", ""reached"": false, ""label"": ""核准健保給付"", ""title"": ""尚未出現"", ""url"": ""https://www.nhi.gov.tw/ch/cp-1296-1c080-3269-1.html"", ""temp_class"": ""temp-red""}], ""active_count"": 0, ""license_no"": """", ""highest_title"": ""尚未出現""}","{""code"": ""foreign_review_tw_pending"", ""label"": ""⏳ 國外審查中 ｜ 台灣未送件"", ""badge_class"": ""badge-gap-warning"", ""desc"": ""國外 EMA / FDA 審查進行中，台灣尚未有公開申請紀錄""}",[],"[{""source"": ""EU-EMA"", ""title"": ""EMA 審查中：Human IgG1 monoclonal antibody against insulin like growth factor-1 receptor"", ""summary"": ""Treatment of thyroid eye disease (TED) in adults"", ""url"": ""https://www.ema.europa.eu/en/documents/report/applications-new-human-medicines-under-evaluation-august-2026_en.xlsx"", ""date"": ""2026-08-04"", ""extras"": {""kind"": ""under_evaluation"", ""snapshot"": true, ""orphan"": false, ""prime"": false, ""accelerated"": false, ""ema_product_no"": ""EMEA/H/C/006906""}}]"
Ianalumab,True,,,Treatment of Sjögren’s disease in adults,,EU-EMA,2026-08-04,foreign_review_tw_pending,⏳ 國外審查中 ｜ 台灣未送件,"{""stages"": [{""id"": ""foreign-1"", ""reached"": true, ""label"": ""實證文獻"", ""title"": ""臨床實證已登錄"", ""url"": ""https://pubmed.ncbi.nlm.nih.gov/?term=Ianalumab+AND+(Phase+3+OR+%22Phase+III%22+OR+%22clinical+trial%22)+AND+(%22last+1+years%22%5BPDat%5D)"", ""temp_class"": ""temp-blue""}, {""id"": ""foreign-2"", ""reached"": true, ""label"": ""國外審查"", ""title"": ""EMA 審查中"", ""url"": ""https://www.ema.europa.eu/en/documents/report/applications-new-human-medicines-under-evaluation-august-2026_en.xlsx"", ""temp_class"": ""temp-amber""}, {""id"": ""foreign-3"", ""reached"": false, ""label"": ""國外核准"", ""title"": ""尚未出現"", ""url"": ""https://www.fda.gov/drugs/development-approval-process-drugs/novel-drug-approvals-fda"", ""temp_class"": ""temp-red""}], ""active_count"": 2, ""highest_title"": ""EMA 審查中""}","{""stages"": [{""id"": ""tw-1"", ""reached"": false, ""label"": ""台灣審查"", ""title"": ""尚未出現"", ""url"": ""https://www.fda.gov.tw/tc/siteSearch.aspx?q=Ianalumab"", ""temp_class"": ""temp-blue""}, {""id"": ""tw-2"", ""reached"": false, ""label"": ""取得藥證"", ""title"": ""尚未出現"", ""url"": ""https://www.fda.gov.tw/tc/sitelist.aspx?sid=2712"", ""temp_class"": ""temp-teal""}, {""id"": ""tw-3"", ""reached"": false, ""label"": ""核准健保給付"", ""title"": ""尚未出現"", ""url"": ""https://www.nhi.gov.tw/ch/cp-1296-1c080-3269-1.html"", ""temp_class"": ""temp-red""}], ""active_count"": 0, ""license_no"": """", ""highest_title"": ""尚未出現""}","{""code"": ""foreign_review_tw_pending"", ""label"": ""⏳ 國外審查中 ｜ 台灣未送件"", ""badge_class"": ""badge-gap-warning"", ""desc"": ""國外 EMA / FDA 審查進行中，台灣尚未有公開申請紀錄""}",[],"[{""source"": ""EU-EMA"", ""title"": ""EMA 審查中：Ianalumab"", ""summary"": ""Treatment of Sjögren’s disease in adults"", ""url"": ""https://www.ema.europa.eu/en/documents/report/applications-new-human-medicines-under-evaluation-august-2026_en.xlsx"", ""date"": ""2026-08-04"", ""extras"": {""kind"": ""under_evaluation"", ""snapshot"": true, ""orphan"": false, ""prime"": false, ""accelerated"": false, ""ema_product_no"": ""EMEA/H/C/006748""}}]"
Influenza mRNA vaccine,True,,,Immunisation for the prevention of influenza disease in adults,,EU-EMA,2026-08-04,foreign_review_tw_pending,⏳ 國外審查中 ｜ 台灣未送件,"{""stages"": [{""id"": ""foreign-1"", ""reached"": true, ""label"": ""實證文獻"", ""title"": ""臨床實證已登錄"", ""url"": ""https://pubmed.ncbi.nlm.nih.gov/?term=Influenza%20mRNA%20vaccine+AND+(Phase+3+OR+%22Phase+III%22+OR+%22clinical+trial%22)+AND+(%22last+1+years%22%5BPDat%5D)"", ""temp_class"": ""temp-blue""}, {""id"": ""foreign-2"", ""reached"": true, ""label"": ""國外審查"", ""title"": ""EMA 審查中"", ""url"": ""https://www.ema.europa.eu/en/documents/report/applications-new-human-medicines-under-evaluation-august-2026_en.xlsx"", ""temp_class"": ""temp-amber""}, {""id"": ""foreign-3"", ""reached"": false, ""label"": ""國外核准"", ""title"": ""尚未出現"", ""url"": ""https://www.fda.gov/drugs/development-approval-process-drugs/novel-drug-approvals-fda"", ""temp_class"": ""temp-red""}], ""active_count"": 2, ""highest_title"": ""EMA 審查中""}","{""stages"": [{""id"": ""tw-1"", ""reached"": false, ""label"": ""台灣審查"", ""title"": ""尚未出現"", ""url"": ""https://www.fda.gov.tw/tc/siteSearch.aspx?q=Influenza%20mRNA%20vaccine"", ""temp_class"": ""temp-blue""}, {""id"": ""tw-2"", ""reached"": false, ""label"": ""取得藥證"", ""title"": ""尚未出現"", ""url"": ""https://www.fda.gov.tw/tc/sitelist.aspx?sid=2712"", ""temp_class"": ""temp-teal""}, {""id"": ""tw-3"", ""reached"": false, ""label"": ""核准健保給付"", ""title"": ""尚未出現"", ""url"": ""https://www.nhi.gov.tw/ch/cp-1296-1c080-3269-1.html"", ""temp_class"": ""temp-red""}], ""active_count"": 0, ""license_no"": """", ""highest_title"": ""尚未出現""}","{""code"": ""foreign_review_tw_pending"", ""label"": ""⏳ 國外審查中 ｜ 台灣未送件"", ""badge_class"": ""badge-gap-warning"", ""desc"": ""國外 EMA / FDA 審查進行中，台灣尚未有公開申請紀錄""}",[],"[{""source"": ""EU-EMA"", ""title"": ""EMA 審查中：Influenza mRNA vaccine"", ""summary"": ""Immunisation for the prevention of influenza disease in adults"", ""url"": ""https://www.ema.europa.eu/en/documents/report/applications-new-human-medicines-under-evaluation-august-2026_en.xlsx"", ""date"": ""2026-08-04"", ""extras"": {""kind"": ""under_evaluation"", ""snapshot"": true, ""orphan"": false, ""prime"": false, ""accelerated"": false, ""ema_product_no"": ""EMEA/H/C/006204""}}]"
Insulin aspart,True,,,Treatment of diabetes mellitus from 1 year of age,,EU-EMA,2026-08-04,foreign_review_tw_pending,⏳ 國外審查中 ｜ 台灣未送件,"{""stages"": [{""id"": ""foreign-1"", ""reached"": true, ""label"": ""實證文獻"", ""title"": ""臨床實證已登錄"", ""url"": ""https://pubmed.ncbi.nlm.nih.gov/?term=Insulin%20aspart+AND+(Phase+3+OR+%22Phase+III%22+OR+%22clinical+trial%22)+AND+(%22last+1+years%22%5BPDat%5D)"", ""temp_class"": ""temp-blue""}, {""id"": ""foreign-2"", ""reached"": true, ""label"": ""國外審查"", ""title"": ""EMA 審查中"", ""url"": ""https://www.ema.europa.eu/en/documents/report/applications-new-human-medicines-under-evaluation-august-2026_en.xlsx"", ""temp_class"": ""temp-amber""}, {""id"": ""foreign-3"", ""reached"": false, ""label"": ""國外核准"", ""title"": ""尚未出現"", ""url"": ""https://www.fda.gov/drugs/development-approval-process-drugs/novel-drug-approvals-fda"", ""temp_class"": ""temp-red""}], ""active_count"": 2, ""highest_title"": ""EMA 審查中""}","{""stages"": [{""id"": ""tw-1"", ""reached"": false, ""label"": ""台灣審查"", ""title"": ""尚未出現"", ""url"": ""https://www.fda.gov.tw/tc/siteSearch.aspx?q=Insulin%20aspart"", ""temp_class"": ""temp-blue""}, {""id"": ""tw-2"", ""reached"": false, ""label"": ""取得藥證"", ""title"": ""尚未出現"", ""url"": ""https://www.fda.gov.tw/tc/sitelist.aspx?sid=2712"", ""temp_class"": ""temp-teal""}, {""id"": ""tw-3"", ""reached"": false, ""label"": ""核准健保給付"", ""title"": ""尚未出現"", ""url"": ""https://www.nhi.gov.tw/ch/cp-1296-1c080-3269-1.html"", ""temp_class"": ""temp-red""}], ""active_count"": 0, ""license_no"": """", ""highest_title"": ""尚未出現""}","{""code"": ""foreign_review_tw_pending"", ""label"": ""⏳ 國外審查中 ｜ 台灣未送件"", ""badge_class"": ""badge-gap-warning"", ""desc"": ""國外 EMA / FDA 審查進行中，台灣尚未有公開申請紀錄""}",[],"[{""source"": ""EU-EMA"", ""title"": ""EMA 審查中：Insulin aspart"", ""summary"": ""Treatment of diabetes mellitus from 1 year of age"", ""url"": ""https://www.ema.europa.eu/en/documents/report/applications-new-human-medicines-under-evaluation-august-2026_en.xlsx"", ""date"": ""2026-08-04"", ""extras"": {""kind"": ""under_evaluation"", ""snapshot"": true, ""orphan"": false, ""prime"": false, ""accelerated"": false, ""ema_product_no"": ""EMEA/H/C/006677""}}]"
Japanese Encephalitis Chimeric Vaccine Substipharm,True,,,"Immunisation against Japanese encephalitis in adults, adolescents, children and infants aged 9 months and older",,EU-EMA,2026-08-04,foreign_review_tw_pending,⏳ 國外審查中 ｜ 台灣未送件,"{""stages"": [{""id"": ""foreign-1"", ""reached"": true, ""label"": ""實證文獻"", ""title"": ""臨床實證已登錄"", ""url"": ""https://pubmed.ncbi.nlm.nih.gov/?term=Japanese%20Encephalitis%20Chimeric%20Vaccine%20Substipharm+AND+(Phase+3+OR+%22Phase+III%22+OR+%22clinical+trial%22)+AND+(%22last+1+years%22%5BPDat%5D)"", ""temp_class"": ""temp-blue""}, {""id"": ""foreign-2"", ""reached"": true, ""label"": ""國外審查"", ""title"": ""EMA 審查中"", ""url"": ""https://www.ema.europa.eu/en/documents/report/applications-new-human-medicines-under-evaluation-august-2026_en.xlsx"", ""temp_class"": ""temp-amber""}, {""id"": ""foreign-3"", ""reached"": false, ""label"": ""國外核准"", ""title"": ""尚未出現"", ""url"": ""https://www.fda.gov/drugs/development-approval-process-drugs/novel-drug-approvals-fda"", ""temp_class"": ""temp-red""}], ""active_count"": 2, ""highest_title"": ""EMA 審查中""}","{""stages"": [{""id"": ""tw-1"", ""reached"": false, ""label"": ""台灣審查"", ""title"": ""尚未出現"", ""url"": ""https://www.fda.gov.tw/tc/siteSearch.aspx?q=Japanese%20Encephalitis%20Chimeric%20Vaccine%20Substipharm"", ""temp_class"": ""temp-blue""}, {""id"": ""tw-2"", ""reached"": false, ""label"": ""取得藥證"", ""title"": ""尚未出現"", ""url"": ""https://www.fda.gov.tw/tc/sitelist.aspx?sid=2712"", ""temp_class"": ""temp-teal""}, {""id"": ""tw-3"", ""reached"": false, ""label"": ""核准健保給付"", ""title"": ""尚未出現"", ""url"": ""https://www.nhi.gov.tw/ch/cp-1296-1c080-3269-1.html"", ""temp_class"": ""temp-red""}], ""active_count"": 0, ""license_no"": """", ""highest_title"": ""尚未出現""}","{""code"": ""foreign_review_tw_pending"", ""label"": ""⏳ 國外審查中 ｜ 台灣未送件"", ""badge_class"": ""badge-gap-warning"", ""desc"": ""國外 EMA / FDA 審查進行中，台灣尚未有公開申請紀錄""}",[],"[{""source"": ""EU-EMA"", ""title"": ""EMA 審查中：Japanese Encephalitis Chimeric Vaccine Substipharm"", ""summary"": ""Immunisation against Japanese encephalitis in adults, adolescents, children and infants aged 9 months and older"", ""url"": ""https://www.ema.europa.eu/en/documents/report/applications-new-human-medicines-under-evaluation-august-2026_en.xlsx"", ""date"": ""2026-08-04"", ""extras"": {""kind"": ""under_evaluation"", ""snapshot"": true, ""orphan"": false, ""prime"": false, ""accelerated"": false, ""ema_product_no"": ""EMEA/H/C/006764""}}]"
Lemborexant,True,,,Treatment of adult patients with insomnia,,EU-EMA,2026-08-04,foreign_review_tw_pending,⏳ 國外審查中 ｜ 台灣未送件,"{""stages"": [{""id"": ""foreign-1"", ""reached"": true, ""label"": ""實證文獻"", ""title"": ""臨床實證已登錄"", ""url"": ""https://pubmed.ncbi.nlm.nih.gov/?term=Lemborexant+AND+(Phase+3+OR+%22Phase+III%22+OR+%22clinical+trial%22)+AND+(%22last+1+years%22%5BPDat%5D)"", ""temp_class"": ""temp-blue""}, {""id"": ""foreign-2"", ""reached"": true, ""label"": ""國外審查"", ""title"": ""EMA 審查中"", ""url"": ""https://www.ema.europa.eu/en/documents/report/applications-new-human-medicines-under-evaluation-august-2026_en.xlsx"", ""temp_class"": ""temp-amber""}, {""id"": ""foreign-3"", ""reached"": false, ""label"": ""國外核准"", ""title"": ""尚未出現"", ""url"": ""https://www.fda.gov/drugs/development-approval-process-drugs/novel-drug-approvals-fda"", ""temp_class"": ""temp-red""}], ""active_count"": 2, ""highest_title"": ""EMA 審查中""}","{""stages"": [{""id"": ""tw-1"", ""reached"": false, ""label"": ""台灣審查"", ""title"": ""尚未出現"", ""url"": ""https://www.fda.gov.tw/tc/siteSearch.aspx?q=Lemborexant"", ""temp_class"": ""temp-blue""}, {""id"": ""tw-2"", ""reached"": false, ""label"": ""取得藥證"", ""title"": ""尚未出現"", ""url"": ""https://www.fda.gov.tw/tc/sitelist.aspx?sid=2712"", ""temp_class"": ""temp-teal""}, {""id"": ""tw-3"", ""reached"": false, ""label"": ""核准健保給付"", ""title"": ""尚未出現"", ""url"": ""https://www.nhi.gov.tw/ch/cp-1296-1c080-3269-1.html"", ""temp_class"": ""temp-red""}], ""active_count"": 0, ""license_no"": """", ""highest_title"": ""尚未出現""}","{""code"": ""foreign_review_tw_pending"", ""label"": ""⏳ 國外審查中 ｜ 台灣未送件"", ""badge_class"": ""badge-gap-warning"", ""desc"": ""國外 EMA / FDA 審查進行中，台灣尚未有公開申請紀錄""}",[],"[{""source"": ""EU-EMA"", ""title"": ""EMA 審查中：Lemborexant"", ""summary"": ""Treatment of adult patients with insomnia"", ""url"": ""https://www.ema.europa.eu/en/documents/report/applications-new-human-medicines-under-evaluation-august-2026_en.xlsx"", ""date"": ""2026-08-04"", ""extras"": {""kind"": ""under_evaluation"", ""snapshot"": true, ""orphan"": false, ""prime"": false, ""accelerated"": false, ""ema_product_no"": ""EMEA/H/C/006924""}}]"
Lunsotogene parvec,True,,,Treatment of biallelic OTOF variant-associated hearing loss in adults and children,孤兒藥 / 加速審查,EU-EMA,2026-08-04,foreign_review_tw_pending,⏳ 國外審查中 ｜ 台灣未送件,"{""stages"": [{""id"": ""foreign-1"", ""reached"": true, ""label"": ""實證文獻"", ""title"": ""臨床實證已登錄"", ""url"": ""https://pubmed.ncbi.nlm.nih.gov/?term=Lunsotogene%20parvec+AND+(Phase+3+OR+%22Phase+III%22+OR+%22clinical+trial%22)+AND+(%22last+1+years%22%5BPDat%5D)"", ""temp_class"": ""temp-blue""}, {""id"": ""foreign-2"", ""reached"": true, ""label"": ""國外審查"", ""title"": ""孤兒藥 / 加速審查"", ""url"": ""https://www.ema.europa.eu/en/documents/report/applications-new-human-medicines-under-evaluation-august-2026_en.xlsx"", ""temp_class"": ""temp-amber""}, {""id"": ""foreign-3"", ""reached"": false, ""label"": ""國外核准"", ""title"": ""尚未出現"", ""url"": ""https://www.fda.gov/drugs/development-approval-process-drugs/novel-drug-approvals-fda"", ""temp_class"": ""temp-red""}], ""active_count"": 2, ""highest_title"": ""孤兒藥 / 加速審查""}","{""stages"": [{""id"": ""tw-1"", ""reached"": false, ""label"": ""台灣審查"", ""title"": ""尚未出現"", ""url"": ""https://www.fda.gov.tw/tc/siteSearch.aspx?q=Lunsotogene%20parvec"", ""temp_class"": ""temp-blue""}, {""id"": ""tw-2"", ""reached"": false, ""label"": ""取得藥證"", ""title"": ""尚未出現"", ""url"": ""https://www.fda.gov.tw/tc/sitelist.aspx?sid=2712"", ""temp_class"": ""temp-teal""}, {""id"": ""tw-3"", ""reached"": false, ""label"": ""核准健保給付"", ""title"": ""尚未出現"", ""url"": ""https://www.nhi.gov.tw/ch/cp-1296-1c080-3269-1.html"", ""temp_class"": ""temp-red""}], ""active_count"": 0, ""license_no"": """", ""highest_title"": ""尚未出現""}","{""code"": ""foreign_review_tw_pending"", ""label"": ""⏳ 國外審查中 ｜ 台灣未送件"", ""badge_class"": ""badge-gap-warning"", ""desc"": ""國外 EMA / FDA 審查進行中，台灣尚未有公開申請紀錄""}",[],"[{""source"": ""EU-EMA"", ""title"": ""EMA 審查中：Lunsotogene parvec"", ""summary"": ""Treatment of biallelic OTOF variant-associated hearing loss in adults and children"", ""url"": ""https://www.ema.europa.eu/en/documents/report/applications-new-human-medicines-under-evaluation-august-2026_en.xlsx"", ""date"": ""2026-08-04"", ""extras"": {""kind"": ""under_evaluation"", ""snapshot"": true, ""orphan"": true, ""prime"": false, ""accelerated"": true, ""ema_product_no"": ""EMEA/H/C/006802""}}]"
Mezigdomide,True,,,Treatment of relapsed or refractory multiple myeloma in adults,,EU-EMA,2026-08-04,foreign_review_tw_pending,⏳ 國外審查中 ｜ 台灣未送件,"{""stages"": [{""id"": ""foreign-1"", ""reached"": true, ""label"": ""實證文獻"", ""title"": ""臨床實證已登錄"", ""url"": ""https://pubmed.ncbi.nlm.nih.gov/?term=Mezigdomide+AND+(Phase+3+OR+%22Phase+III%22+OR+%22clinical+trial%22)+AND+(%22last+1+years%22%5BPDat%5D)"", ""temp_class"": ""temp-blue""}, {""id"": ""foreign-2"", ""reached"": true, ""label"": ""國外審查"", ""title"": ""EMA 審查中"", ""url"": ""https://www.ema.europa.eu/en/documents/report/applications-new-human-medicines-under-evaluation-august-2026_en.xlsx"", ""temp_class"": ""temp-amber""}, {""id"": ""foreign-3"", ""reached"": false, ""label"": ""國外核准"", ""title"": ""尚未出現"", ""url"": ""https://www.fda.gov/drugs/development-approval-process-drugs/novel-drug-approvals-fda"", ""temp_class"": ""temp-red""}], ""active_count"": 2, ""highest_title"": ""EMA 審查中""}","{""stages"": [{""id"": ""tw-1"", ""reached"": false, ""label"": ""台灣審查"", ""title"": ""尚未出現"", ""url"": ""https://www.fda.gov.tw/tc/siteSearch.aspx?q=Mezigdomide"", ""temp_class"": ""temp-blue""}, {""id"": ""tw-2"", ""reached"": false, ""label"": ""取得藥證"", ""title"": ""尚未出現"", ""url"": ""https://www.fda.gov.tw/tc/sitelist.aspx?sid=2712"", ""temp_class"": ""temp-teal""}, {""id"": ""tw-3"", ""reached"": false, ""label"": ""核准健保給付"", ""title"": ""尚未出現"", ""url"": ""https://www.nhi.gov.tw/ch/cp-1296-1c080-3269-1.html"", ""temp_class"": ""temp-red""}], ""active_count"": 0, ""license_no"": """", ""highest_title"": ""尚未出現""}","{""code"": ""foreign_review_tw_pending"", ""label"": ""⏳ 國外審查中 ｜ 台灣未送件"", ""badge_class"": ""badge-gap-warning"", ""desc"": ""國外 EMA / FDA 審查進行中，台灣尚未有公開申請紀錄""}",[],"[{""source"": ""EU-EMA"", ""title"": ""EMA 審查中：Mezigdomide"", ""summary"": ""Treatment of relapsed or refractory multiple myeloma in adults"", ""url"": ""https://www.ema.europa.eu/en/documents/report/applications-new-human-medicines-under-evaluation-august-2026_en.xlsx"", ""date"": ""2026-08-04"", ""extras"": {""kind"": ""under_evaluation"", ""snapshot"": true, ""orphan"": false, ""prime"": false, ""accelerated"": false, ""ema_product_no"": ""EMEA/H/C/006705""}}]"
Molgramostim,True,,,Treatment of pulmonary alveolar proteinosis in adults,孤兒藥,EU-EMA,2026-08-04,foreign_review_tw_pending,⏳ 國外審查中 ｜ 台灣未送件,"{""stages"": [{""id"": ""foreign-1"", ""reached"": true, ""label"": ""實證文獻"", ""title"": ""臨床實證已登錄"", ""url"": ""https://pubmed.ncbi.nlm.nih.gov/?term=Molgramostim+AND+(Phase+3+OR+%22Phase+III%22+OR+%22clinical+trial%22)+AND+(%22last+1+years%22%5BPDat%5D)"", ""temp_class"": ""temp-blue""}, {""id"": ""foreign-2"", ""reached"": true, ""label"": ""國外審查"", ""title"": ""孤兒藥"", ""url"": ""https://www.ema.europa.eu/en/documents/report/applications-new-human-medicines-under-evaluation-august-2026_en.xlsx"", ""temp_class"": ""temp-amber""}, {""id"": ""foreign-3"", ""reached"": false, ""label"": ""國外核准"", ""title"": ""尚未出現"", ""url"": ""https://www.fda.gov/drugs/development-approval-process-drugs/novel-drug-approvals-fda"", ""temp_class"": ""temp-red""}], ""active_count"": 2, ""highest_title"": ""孤兒藥""}","{""stages"": [{""id"": ""tw-1"", ""reached"": false, ""label"": ""台灣審查"", ""title"": ""尚未出現"", ""url"": ""https://www.fda.gov.tw/tc/siteSearch.aspx?q=Molgramostim"", ""temp_class"": ""temp-blue""}, {""id"": ""tw-2"", ""reached"": false, ""label"": ""取得藥證"", ""title"": ""尚未出現"", ""url"": ""https://www.fda.gov.tw/tc/sitelist.aspx?sid=2712"", ""temp_class"": ""temp-teal""}, {""id"": ""tw-3"", ""reached"": false, ""label"": ""核准健保給付"", ""title"": ""尚未出現"", ""url"": ""https://www.nhi.gov.tw/ch/cp-1296-1c080-3269-1.html"", ""temp_class"": ""temp-red""}], ""active_count"": 0, ""license_no"": """", ""highest_title"": ""尚未出現""}","{""code"": ""foreign_review_tw_pending"", ""label"": ""⏳ 國外審查中 ｜ 台灣未送件"", ""badge_class"": ""badge-gap-warning"", ""desc"": ""國外 EMA / FDA 審查進行中，台灣尚未有公開申請紀錄""}",[],"[{""source"": ""EU-EMA"", ""title"": ""EMA 審查中：Molgramostim"", ""summary"": ""Treatment of pulmonary alveolar proteinosis in adults"", ""url"": ""https://www.ema.europa.eu/en/documents/report/applications-new-human-medicines-under-evaluation-august-2026_en.xlsx"", ""date"": ""2026-08-04"", ""extras"": {""kind"": ""under_evaluation"", ""snapshot"": true, ""orphan"": true, ""prime"": false, ""accelerated"": false, ""ema_product_no"": ""EMEA/H/C/006495""}}]"
Norucholic acid,True,,,Treatment of primary sclerosing cholangitis (PSC) in adults.,孤兒藥,EU-EMA,2026-08-04,foreign_review_tw_pending,⏳ 國外審查中 ｜ 台灣未送件,"{""stages"": [{""id"": ""foreign-1"", ""reached"": true, ""label"": ""實證文獻"", ""title"": ""臨床實證已登錄"", ""url"": ""https://pubmed.ncbi.nlm.nih.gov/?term=Norucholic%20acid+AND+(Phase+3+OR+%22Phase+III%22+OR+%22clinical+trial%22)+AND+(%22last+1+years%22%5BPDat%5D)"", ""temp_class"": ""temp-blue""}, {""id"": ""foreign-2"", ""reached"": true, ""label"": ""國外審查"", ""title"": ""孤兒藥"", ""url"": ""https://www.ema.europa.eu/en/documents/report/applications-new-human-medicines-under-evaluation-august-2026_en.xlsx"", ""temp_class"": ""temp-amber""}, {""id"": ""foreign-3"", ""reached"": false, ""label"": ""國外核准"", ""title"": ""尚未出現"", ""url"": ""https://www.fda.gov/drugs/development-approval-process-drugs/novel-drug-approvals-fda"", ""temp_class"": ""temp-red""}], ""active_count"": 2, ""highest_title"": ""孤兒藥""}","{""stages"": [{""id"": ""tw-1"", ""reached"": false, ""label"": ""台灣審查"", ""title"": ""尚未出現"", ""url"": ""https://www.fda.gov.tw/tc/siteSearch.aspx?q=Norucholic%20acid"", ""temp_class"": ""temp-blue""}, {""id"": ""tw-2"", ""reached"": false, ""label"": ""取得藥證"", ""title"": ""尚未出現"", ""url"": ""https://www.fda.gov.tw/tc/sitelist.aspx?sid=2712"", ""temp_class"": ""temp-teal""}, {""id"": ""tw-3"", ""reached"": false, ""label"": ""核准健保給付"", ""title"": ""尚未出現"", ""url"": ""https://www.nhi.gov.tw/ch/cp-1296-1c080-3269-1.html"", ""temp_class"": ""temp-red""}], ""active_count"": 0, ""license_no"": """", ""highest_title"": ""尚未出現""}","{""code"": ""foreign_review_tw_pending"", ""label"": ""⏳ 國外審查中 ｜ 台灣未送件"", ""badge_class"": ""badge-gap-warning"", ""desc"": ""國外 EMA / FDA 審查進行中，台灣尚未有公開申請紀錄""}",[],"[{""source"": ""EU-EMA"", ""title"": ""EMA 審查中：Norucholic acid"", ""summary"": ""Treatment of primary sclerosing cholangitis (PSC) in adults."", ""url"": ""https://www.ema.europa.eu/en/documents/report/applications-new-human-medicines-under-evaluation-august-2026_en.xlsx"", ""date"": ""2026-08-04"", ""extras"": {""kind"": ""under_evaluation"", ""snapshot"": true, ""orphan"": true, ""prime"": false, ""accelerated"": false, ""ema_product_no"": ""EMEA/H/C/006515""}}]"
Olanzapine,True,,,Treatment of schizophrenia in adults,,EU-EMA,2026-08-04,foreign_review_tw_pending,⏳ 國外審查中 ｜ 台灣未送件,"{""stages"": [{""id"": ""foreign-1"", ""reached"": true, ""label"": ""實證文獻"", ""title"": ""臨床實證已登錄"", ""url"": ""https://pubmed.ncbi.nlm.nih.gov/?term=Olanzapine+AND+(Phase+3+OR+%22Phase+III%22+OR+%22clinical+trial%22)+AND+(%22last+1+years%22%5BPDat%5D)"", ""temp_class"": ""temp-blue""}, {""id"": ""foreign-2"", ""reached"": true, ""label"": ""國外審查"", ""title"": ""EMA 審查中"", ""url"": ""https://www.ema.europa.eu/en/documents/report/applications-new-human-medicines-under-evaluation-august-2026_en.xlsx"", ""temp_class"": ""temp-amber""}, {""id"": ""foreign-3"", ""reached"": false, ""label"": ""國外核准"", ""title"": ""尚未出現"", ""url"": ""https://www.fda.gov/drugs/development-approval-process-drugs/novel-drug-approvals-fda"", ""temp_class"": ""temp-red""}], ""active_count"": 2, ""highest_title"": ""EMA 審查中""}","{""stages"": [{""id"": ""tw-1"", ""reached"": false, ""label"": ""台灣審查"", ""title"": ""尚未出現"", ""url"": ""https://www.fda.gov.tw/tc/siteSearch.aspx?q=Olanzapine"", ""temp_class"": ""temp-blue""}, {""id"": ""tw-2"", ""reached"": false, ""label"": ""取得藥證"", ""title"": ""尚未出現"", ""url"": ""https://www.fda.gov.tw/tc/sitelist.aspx?sid=2712"", ""temp_class"": ""temp-teal""}, {""id"": ""tw-3"", ""reached"": false, ""label"": ""核准健保給付"", ""title"": ""尚未出現"", ""url"": ""https://www.nhi.gov.tw/ch/cp-1296-1c080-3269-1.html"", ""temp_class"": ""temp-red""}], ""active_count"": 0, ""license_no"": """", ""highest_title"": ""尚未出現""}","{""code"": ""foreign_review_tw_pending"", ""label"": ""⏳ 國外審查中 ｜ 台灣未送件"", ""badge_class"": ""badge-gap-warning"", ""desc"": ""國外 EMA / FDA 審查進行中，台灣尚未有公開申請紀錄""}",[],"[{""source"": ""EU-EMA"", ""title"": ""EMA 審查中：Olanzapine"", ""summary"": ""Treatment of schizophrenia in adults"", ""url"": ""https://www.ema.europa.eu/en/documents/report/applications-new-human-medicines-under-evaluation-august-2026_en.xlsx"", ""date"": ""2026-08-04"", ""extras"": {""kind"": ""under_evaluation"", ""snapshot"": true, ""orphan"": false, ""prime"": false, ""accelerated"": false, ""ema_product_no"": ""EMEA/H/C/006637""}}]"
Omalizumab,True,,,"Treatment of asthma, chronic rhinosinusitis with nasal polyps (CRSwNP) and chronic spontaneous urticaria (CSU)",,EU-EMA,2026-08-04,foreign_review_tw_pending,⏳ 國外審查中 ｜ 台灣未送件,"{""stages"": [{""id"": ""foreign-1"", ""reached"": true, ""label"": ""實證文獻"", ""title"": ""臨床實證已登錄"", ""url"": ""https://pubmed.ncbi.nlm.nih.gov/?term=Omalizumab+AND+(Phase+3+OR+%22Phase+III%22+OR+%22clinical+trial%22)+AND+(%22last+1+years%22%5BPDat%5D)"", ""temp_class"": ""temp-blue""}, {""id"": ""foreign-2"", ""reached"": true, ""label"": ""國外審查"", ""title"": ""EMA 審查中"", ""url"": ""https://www.ema.europa.eu/en/documents/report/applications-new-human-medicines-under-evaluation-august-2026_en.xlsx"", ""temp_class"": ""temp-amber""}, {""id"": ""foreign-3"", ""reached"": false, ""label"": ""國外核准"", ""title"": ""尚未出現"", ""url"": ""https://www.fda.gov/drugs/development-approval-process-drugs/novel-drug-approvals-fda"", ""temp_class"": ""temp-red""}], ""active_count"": 2, ""highest_title"": ""EMA 審查中""}","{""stages"": [{""id"": ""tw-1"", ""reached"": false, ""label"": ""台灣審查"", ""title"": ""尚未出現"", ""url"": ""https://www.fda.gov.tw/tc/siteSearch.aspx?q=Omalizumab"", ""temp_class"": ""temp-blue""}, {""id"": ""tw-2"", ""reached"": false, ""label"": ""取得藥證"", ""title"": ""尚未出現"", ""url"": ""https://www.fda.gov.tw/tc/sitelist.aspx?sid=2712"", ""temp_class"": ""temp-teal""}, {""id"": ""tw-3"", ""reached"": false, ""label"": ""核准健保給付"", ""title"": ""尚未出現"", ""url"": ""https://www.nhi.gov.tw/ch/cp-1296-1c080-3269-1.html"", ""temp_class"": ""temp-red""}], ""active_count"": 0, ""license_no"": """", ""highest_title"": ""尚未出現""}","{""code"": ""foreign_review_tw_pending"", ""label"": ""⏳ 國外審查中 ｜ 台灣未送件"", ""badge_class"": ""badge-gap-warning"", ""desc"": ""國外 EMA / FDA 審查進行中，台灣尚未有公開申請紀錄""}",[],"[{""source"": ""EU-EMA"", ""title"": ""EMA 審查中：Omalizumab"", ""summary"": ""Treatment of asthma, chronic rhinosinusitis with nasal polyps (CRSwNP) and chronic spontaneous urticaria (CSU)"", ""url"": ""https://www.ema.europa.eu/en/documents/report/applications-new-human-medicines-under-evaluation-august-2026_en.xlsx"", ""date"": ""2026-08-04"", ""extras"": {""kind"": ""under_evaluation"", ""snapshot"": true, ""orphan"": false, ""prime"": false, ""accelerated"": false, ""ema_product_no"": ""EMEA/H/C/006756""}}]"
Pertuzumab,True,,,Treatment of breast cancer in adults,,EU-EMA,2026-08-04,foreign_review_tw_pending,⏳ 國外審查中 ｜ 台灣未送件,"{""stages"": [{""id"": ""foreign-1"", ""reached"": true, ""label"": ""實證文獻"", ""title"": ""臨床實證已登錄"", ""url"": ""https://pubmed.ncbi.nlm.nih.gov/?term=Pertuzumab+AND+(Phase+3+OR+%22Phase+III%22+OR+%22clinical+trial%22)+AND+(%22last+1+years%22%5BPDat%5D)"", ""temp_class"": ""temp-blue""}, {""id"": ""foreign-2"", ""reached"": true, ""label"": ""國外審查"", ""title"": ""EMA 審查中"", ""url"": ""https://www.ema.europa.eu/en/documents/report/applications-new-human-medicines-under-evaluation-august-2026_en.xlsx"", ""temp_class"": ""temp-amber""}, {""id"": ""foreign-3"", ""reached"": false, ""label"": ""國外核准"", ""title"": ""尚未出現"", ""url"": ""https://www.fda.gov/drugs/development-approval-process-drugs/novel-drug-approvals-fda"", ""temp_class"": ""temp-red""}], ""active_count"": 2, ""highest_title"": ""EMA 審查中""}","{""stages"": [{""id"": ""tw-1"", ""reached"": false, ""label"": ""台灣審查"", ""title"": ""尚未出現"", ""url"": ""https://www.fda.gov.tw/tc/siteSearch.aspx?q=Pertuzumab"", ""temp_class"": ""temp-blue""}, {""id"": ""tw-2"", ""reached"": false, ""label"": ""取得藥證"", ""title"": ""尚未出現"", ""url"": ""https://www.fda.gov.tw/tc/sitelist.aspx?sid=2712"", ""temp_class"": ""temp-teal""}, {""id"": ""tw-3"", ""reached"": false, ""label"": ""核准健保給付"", ""title"": ""尚未出現"", ""url"": ""https://www.nhi.gov.tw/ch/cp-1296-1c080-3269-1.html"", ""temp_class"": ""temp-red""}], ""active_count"": 0, ""license_no"": """", ""highest_title"": ""尚未出現""}","{""code"": ""foreign_review_tw_pending"", ""label"": ""⏳ 國外審查中 ｜ 台灣未送件"", ""badge_class"": ""badge-gap-warning"", ""desc"": ""國外 EMA / FDA 審查進行中，台灣尚未有公開申請紀錄""}",[],"[{""source"": ""EU-EMA"", ""title"": ""EMA 審查中：Pertuzumab"", ""summary"": ""Treatment of breast cancer in adults"", ""url"": ""https://www.ema.europa.eu/en/documents/report/applications-new-human-medicines-under-evaluation-august-2026_en.xlsx"", ""date"": ""2026-08-04"", ""extras"": {""kind"": ""under_evaluation"", ""snapshot"": true, ""orphan"": false, ""prime"": false, ""accelerated"": false, ""ema_product_no"": ""EMEA/H/C/006844""}}]"
Pimicotinib,True,,,Treatment of tenosynovial giant cell tumour in adults and adolescents from 12 years of age,孤兒藥 / PRIME,EU-EMA,2026-08-04,foreign_review_tw_pending,⏳ 國外審查中 ｜ 台灣未送件,"{""stages"": [{""id"": ""foreign-1"", ""reached"": true, ""label"": ""實證文獻"", ""title"": ""臨床實證已登錄"", ""url"": ""https://pubmed.ncbi.nlm.nih.gov/?term=Pimicotinib+AND+(Phase+3+OR+%22Phase+III%22+OR+%22clinical+trial%22)+AND+(%22last+1+years%22%5BPDat%5D)"", ""temp_class"": ""temp-blue""}, {""id"": ""foreign-2"", ""reached"": true, ""label"": ""國外審查"", ""title"": ""孤兒藥 / PRIME"", ""url"": ""https://www.ema.europa.eu/en/documents/report/applications-new-human-medicines-under-evaluation-august-2026_en.xlsx"", ""temp_class"": ""temp-amber""}, {""id"": ""foreign-3"", ""reached"": false, ""label"": ""國外核准"", ""title"": ""尚未出現"", ""url"": ""https://www.fda.gov/drugs/development-approval-process-drugs/novel-drug-approvals-fda"", ""temp_class"": ""temp-red""}], ""active_count"": 2, ""highest_title"": ""孤兒藥 / PRIME""}","{""stages"": [{""id"": ""tw-1"", ""reached"": false, ""label"": ""台灣審查"", ""title"": ""尚未出現"", ""url"": ""https://www.fda.gov.tw/tc/siteSearch.aspx?q=Pimicotinib"", ""temp_class"": ""temp-blue""}, {""id"": ""tw-2"", ""reached"": false, ""label"": ""取得藥證"", ""title"": ""尚未出現"", ""url"": ""https://www.fda.gov.tw/tc/sitelist.aspx?sid=2712"", ""temp_class"": ""temp-teal""}, {""id"": ""tw-3"", ""reached"": false, ""label"": ""核准健保給付"", ""title"": ""尚未出現"", ""url"": ""https://www.nhi.gov.tw/ch/cp-1296-1c080-3269-1.html"", ""temp_class"": ""temp-red""}], ""active_count"": 0, ""license_no"": """", ""highest_title"": ""尚未出現""}","{""code"": ""foreign_review_tw_pending"", ""label"": ""⏳ 國外審查中 ｜ 台灣未送件"", ""badge_class"": ""badge-gap-warning"", ""desc"": ""國外 EMA / FDA 審查進行中，台灣尚未有公開申請紀錄""}",[],"[{""source"": ""EU-EMA"", ""title"": ""EMA 審查中：Pimicotinib"", ""summary"": ""Treatment of tenosynovial giant cell tumour in adults and adolescents from 12 years of age"", ""url"": ""https://www.ema.europa.eu/en/documents/report/applications-new-human-medicines-under-evaluation-august-2026_en.xlsx"", ""date"": ""2026-08-04"", ""extras"": {""kind"": ""under_evaluation"", ""snapshot"": true, ""orphan"": true, ""prime"": true, ""accelerated"": false, ""ema_product_no"": ""EMEA/H/C/006383""}}]"
Ponatinib,True,,,Treatment of chronic myeloid leukaemia (CML) or Philadelphia chromosome positive acute lymphoblastic leukaemia (Ph+ ALL) in adults,,EU-EMA,2026-08-04,foreign_review_tw_pending,⏳ 國外審查中 ｜ 台灣未送件,"{""stages"": [{""id"": ""foreign-1"", ""reached"": true, ""label"": ""實證文獻"", ""title"": ""臨床實證已登錄"", ""url"": ""https://pubmed.ncbi.nlm.nih.gov/?term=Ponatinib+AND+(Phase+3+OR+%22Phase+III%22+OR+%22clinical+trial%22)+AND+(%22last+1+years%22%5BPDat%5D)"", ""temp_class"": ""temp-blue""}, {""id"": ""foreign-2"", ""reached"": true, ""label"": ""國外審查"", ""title"": ""EMA 審查中"", ""url"": ""https://www.ema.europa.eu/en/documents/report/applications-new-human-medicines-under-evaluation-august-2026_en.xlsx"", ""temp_class"": ""temp-amber""}, {""id"": ""foreign-3"", ""reached"": false, ""label"": ""國外核准"", ""title"": ""尚未出現"", ""url"": ""https://www.fda.gov/drugs/development-approval-process-drugs/novel-drug-approvals-fda"", ""temp_class"": ""temp-red""}], ""active_count"": 2, ""highest_title"": ""EMA 審查中""}","{""stages"": [{""id"": ""tw-1"", ""reached"": false, ""label"": ""台灣審查"", ""title"": ""尚未出現"", ""url"": ""https://www.fda.gov.tw/tc/siteSearch.aspx?q=Ponatinib"", ""temp_class"": ""temp-blue""}, {""id"": ""tw-2"", ""reached"": false, ""label"": ""取得藥證"", ""title"": ""尚未出現"", ""url"": ""https://www.fda.gov.tw/tc/sitelist.aspx?sid=2712"", ""temp_class"": ""temp-teal""}, {""id"": ""tw-3"", ""reached"": false, ""label"": ""核准健保給付"", ""title"": ""尚未出現"", ""url"": ""https://www.nhi.gov.tw/ch/cp-1296-1c080-3269-1.html"", ""temp_class"": ""temp-red""}], ""active_count"": 0, ""license_no"": """", ""highest_title"": ""尚未出現""}","{""code"": ""foreign_review_tw_pending"", ""label"": ""⏳ 國外審查中 ｜ 台灣未送件"", ""badge_class"": ""badge-gap-warning"", ""desc"": ""國外 EMA / FDA 審查進行中，台灣尚未有公開申請紀錄""}",[],"[{""source"": ""EU-EMA"", ""title"": ""EMA 審查中：Ponatinib"", ""summary"": ""Treatment of chronic myeloid leukaemia (CML) or Philadelphia chromosome positive acute lymphoblastic leukaemia (Ph+ ALL) in adults"", ""url"": ""https://www.ema.europa.eu/en/documents/report/applications-new-human-medicines-under-evaluation-august-2026_en.xlsx"", ""date"": ""2026-08-04"", ""extras"": {""kind"": ""under_evaluation"", ""snapshot"": true, ""orphan"": false, ""prime"": false, ""accelerated"": false, ""ema_product_no"": ""EMEA/H/C/006894""}}]"
Povorcitinib,True,,,Treatment of active moderate to severe hidradenitis suppurativa (acne inversa) in adults,,EU-EMA,2026-08-04,foreign_review_tw_pending,⏳ 國外審查中 ｜ 台灣未送件,"{""stages"": [{""id"": ""foreign-1"", ""reached"": true, ""label"": ""實證文獻"", ""title"": ""臨床實證已登錄"", ""url"": ""https://pubmed.ncbi.nlm.nih.gov/?term=Povorcitinib+AND+(Phase+3+OR+%22Phase+III%22+OR+%22clinical+trial%22)+AND+(%22last+1+years%22%5BPDat%5D)"", ""temp_class"": ""temp-blue""}, {""id"": ""foreign-2"", ""reached"": true, ""label"": ""國外審查"", ""title"": ""EMA 審查中"", ""url"": ""https://www.ema.europa.eu/en/documents/report/applications-new-human-medicines-under-evaluation-august-2026_en.xlsx"", ""temp_class"": ""temp-amber""}, {""id"": ""foreign-3"", ""reached"": false, ""label"": ""國外核准"", ""title"": ""尚未出現"", ""url"": ""https://www.fda.gov/drugs/development-approval-process-drugs/novel-drug-approvals-fda"", ""temp_class"": ""temp-red""}], ""active_count"": 2, ""highest_title"": ""EMA 審查中""}","{""stages"": [{""id"": ""tw-1"", ""reached"": false, ""label"": ""台灣審查"", ""title"": ""尚未出現"", ""url"": ""https://www.fda.gov.tw/tc/siteSearch.aspx?q=Povorcitinib"", ""temp_class"": ""temp-blue""}, {""id"": ""tw-2"", ""reached"": false, ""label"": ""取得藥證"", ""title"": ""尚未出現"", ""url"": ""https://www.fda.gov.tw/tc/sitelist.aspx?sid=2712"", ""temp_class"": ""temp-teal""}, {""id"": ""tw-3"", ""reached"": false, ""label"": ""核准健保給付"", ""title"": ""尚未出現"", ""url"": ""https://www.nhi.gov.tw/ch/cp-1296-1c080-3269-1.html"", ""temp_class"": ""temp-red""}], ""active_count"": 0, ""license_no"": """", ""highest_title"": ""尚未出現""}","{""code"": ""foreign_review_tw_pending"", ""label"": ""⏳ 國外審查中 ｜ 台灣未送件"", ""badge_class"": ""badge-gap-warning"", ""desc"": ""國外 EMA / FDA 審查進行中，台灣尚未有公開申請紀錄""}",[],"[{""source"": ""EU-EMA"", ""title"": ""EMA 審查中：Povorcitinib"", ""summary"": ""Treatment of active moderate to severe hidradenitis suppurativa (acne inversa) in adults"", ""url"": ""https://www.ema.europa.eu/en/documents/report/applications-new-human-medicines-under-evaluation-august-2026_en.xlsx"", ""date"": ""2026-08-04"", ""extras"": {""kind"": ""under_evaluation"", ""snapshot"": true, ""orphan"": false, ""prime"": false, ""accelerated"": false, ""ema_product_no"": ""EMEA/H/C/006727""}}]"
Rabies vaccine for human use prepared in cell cultures,True,,,Pre-exposure and post-exposure prophylaxis against rabies in all age groups,,EU-EMA,2026-08-04,foreign_review_tw_pending,⏳ 國外審查中 ｜ 台灣未送件,"{""stages"": [{""id"": ""foreign-1"", ""reached"": true, ""label"": ""實證文獻"", ""title"": ""臨床實證已登錄"", ""url"": ""https://pubmed.ncbi.nlm.nih.gov/?term=Rabies%20vaccine%20for%20human%20use%20prepared%20in%20cell%20cultures+AND+(Phase+3+OR+%22Phase+III%22+OR+%22clinical+trial%22)+AND+(%22last+1+years%22%5BPDat%5D)"", ""temp_class"": ""temp-blue""}, {""id"": ""foreign-2"", ""reached"": true, ""label"": ""國外審查"", ""title"": ""EMA 審查中"", ""url"": ""https://www.ema.europa.eu/en/documents/report/applications-new-human-medicines-under-evaluation-august-2026_en.xlsx"", ""temp_class"": ""temp-amber""}, {""id"": ""foreign-3"", ""reached"": false, ""label"": ""國外核准"", ""title"": ""尚未出現"", ""url"": ""https://www.fda.gov/drugs/development-approval-process-drugs/novel-drug-approvals-fda"", ""temp_class"": ""temp-red""}], ""active_count"": 2, ""highest_title"": ""EMA 審查中""}","{""stages"": [{""id"": ""tw-1"", ""reached"": false, ""label"": ""台灣審查"", ""title"": ""尚未出現"", ""url"": ""https://www.fda.gov.tw/tc/siteSearch.aspx?q=Rabies%20vaccine%20for%20human%20use%20prepared%20in%20cell%20cultures"", ""temp_class"": ""temp-blue""}, {""id"": ""tw-2"", ""reached"": false, ""label"": ""取得藥證"", ""title"": ""尚未出現"", ""url"": ""https://www.fda.gov.tw/tc/sitelist.aspx?sid=2712"", ""temp_class"": ""temp-teal""}, {""id"": ""tw-3"", ""reached"": false, ""label"": ""核准健保給付"", ""title"": ""尚未出現"", ""url"": ""https://www.nhi.gov.tw/ch/cp-1296-1c080-3269-1.html"", ""temp_class"": ""temp-red""}], ""active_count"": 0, ""license_no"": """", ""highest_title"": ""尚未出現""}","{""code"": ""foreign_review_tw_pending"", ""label"": ""⏳ 國外審查中 ｜ 台灣未送件"", ""badge_class"": ""badge-gap-warning"", ""desc"": ""國外 EMA / FDA 審查進行中，台灣尚未有公開申請紀錄""}",[],"[{""source"": ""EU-EMA"", ""title"": ""EMA 審查中：Rabies vaccine for human use prepared in cell cultures"", ""summary"": ""Pre-exposure and post-exposure prophylaxis against rabies in all age groups"", ""url"": ""https://www.ema.europa.eu/en/documents/report/applications-new-human-medicines-under-evaluation-august-2026_en.xlsx"", ""date"": ""2026-08-04"", ""extras"": {""kind"": ""under_evaluation"", ""snapshot"": true, ""orphan"": false, ""prime"": false, ""accelerated"": false, ""ema_product_no"": ""EMEA/H/C/006602""}}]"
Regadenoson,True,,,Pharmacological stress agent for myocardial perfusion imaging (MPI) and measurement of fractional flow reserve (FFR) in adults,,EU-EMA,2026-08-04,foreign_review_tw_pending,⏳ 國外審查中 ｜ 台灣未送件,"{""stages"": [{""id"": ""foreign-1"", ""reached"": true, ""label"": ""實證文獻"", ""title"": ""臨床實證已登錄"", ""url"": ""https://pubmed.ncbi.nlm.nih.gov/?term=Regadenoson+AND+(Phase+3+OR+%22Phase+III%22+OR+%22clinical+trial%22)+AND+(%22last+1+years%22%5BPDat%5D)"", ""temp_class"": ""temp-blue""}, {""id"": ""foreign-2"", ""reached"": true, ""label"": ""國外審查"", ""title"": ""EMA 審查中"", ""url"": ""https://www.ema.europa.eu/en/documents/report/applications-new-human-medicines-under-evaluation-august-2026_en.xlsx"", ""temp_class"": ""temp-amber""}, {""id"": ""foreign-3"", ""reached"": false, ""label"": ""國外核准"", ""title"": ""尚未出現"", ""url"": ""https://www.fda.gov/drugs/development-approval-process-drugs/novel-drug-approvals-fda"", ""temp_class"": ""temp-red""}], ""active_count"": 2, ""highest_title"": ""EMA 審查中""}","{""stages"": [{""id"": ""tw-1"", ""reached"": false, ""label"": ""台灣審查"", ""title"": ""尚未出現"", ""url"": ""https://www.fda.gov.tw/tc/siteSearch.aspx?q=Regadenoson"", ""temp_class"": ""temp-blue""}, {""id"": ""tw-2"", ""reached"": false, ""label"": ""取得藥證"", ""title"": ""尚未出現"", ""url"": ""https://www.fda.gov.tw/tc/sitelist.aspx?sid=2712"", ""temp_class"": ""temp-teal""}, {""id"": ""tw-3"", ""reached"": false, ""label"": ""核准健保給付"", ""title"": ""尚未出現"", ""url"": ""https://www.nhi.gov.tw/ch/cp-1296-1c080-3269-1.html"", ""temp_class"": ""temp-red""}], ""active_count"": 0, ""license_no"": """", ""highest_title"": ""尚未出現""}","{""code"": ""foreign_review_tw_pending"", ""label"": ""⏳ 國外審查中 ｜ 台灣未送件"", ""badge_class"": ""badge-gap-warning"", ""desc"": ""國外 EMA / FDA 審查進行中，台灣尚未有公開申請紀錄""}",[],"[{""source"": ""EU-EMA"", ""title"": ""EMA 審查中：Regadenoson"", ""summary"": ""Pharmacological stress agent for myocardial perfusion imaging (MPI) and measurement of fractional flow reserve (FFR) in adults"", ""url"": ""https://www.ema.europa.eu/en/documents/report/applications-new-human-medicines-under-evaluation-august-2026_en.xlsx"", ""date"": ""2026-08-04"", ""extras"": {""kind"": ""under_evaluation"", ""snapshot"": true, ""orphan"": false, ""prime"": false, ""accelerated"": false, ""ema_product_no"": ""EMEA/H/C/006848""}}]"
Rezvilutamide,True,,,Treatment of high-volume metastatic hormone-sensitive prostate cancer (mHSPC) in adults,,EU-EMA,2026-08-04,foreign_review_tw_pending,⏳ 國外審查中 ｜ 台灣未送件,"{""stages"": [{""id"": ""foreign-1"", ""reached"": true, ""label"": ""實證文獻"", ""title"": ""臨床實證已登錄"", ""url"": ""https://pubmed.ncbi.nlm.nih.gov/?term=Rezvilutamide+AND+(Phase+3+OR+%22Phase+III%22+OR+%22clinical+trial%22)+AND+(%22last+1+years%22%5BPDat%5D)"", ""temp_class"": ""temp-blue""}, {""id"": ""foreign-2"", ""reached"": true, ""label"": ""國外審查"", ""title"": ""EMA 審查中"", ""url"": ""https://www.ema.europa.eu/en/documents/report/applications-new-human-medicines-under-evaluation-august-2026_en.xlsx"", ""temp_class"": ""temp-amber""}, {""id"": ""foreign-3"", ""reached"": false, ""label"": ""國外核准"", ""title"": ""尚未出現"", ""url"": ""https://www.fda.gov/drugs/development-approval-process-drugs/novel-drug-approvals-fda"", ""temp_class"": ""temp-red""}], ""active_count"": 2, ""highest_title"": ""EMA 審查中""}","{""stages"": [{""id"": ""tw-1"", ""reached"": false, ""label"": ""台灣審查"", ""title"": ""尚未出現"", ""url"": ""https://www.fda.gov.tw/tc/siteSearch.aspx?q=Rezvilutamide"", ""temp_class"": ""temp-blue""}, {""id"": ""tw-2"", ""reached"": false, ""label"": ""取得藥證"", ""title"": ""尚未出現"", ""url"": ""https://www.fda.gov.tw/tc/sitelist.aspx?sid=2712"", ""temp_class"": ""temp-teal""}, {""id"": ""tw-3"", ""reached"": false, ""label"": ""核准健保給付"", ""title"": ""尚未出現"", ""url"": ""https://www.nhi.gov.tw/ch/cp-1296-1c080-3269-1.html"", ""temp_class"": ""temp-red""}], ""active_count"": 0, ""license_no"": """", ""highest_title"": ""尚未出現""}","{""code"": ""foreign_review_tw_pending"", ""label"": ""⏳ 國外審查中 ｜ 台灣未送件"", ""badge_class"": ""badge-gap-warning"", ""desc"": ""國外 EMA / FDA 審查進行中，台灣尚未有公開申請紀錄""}",[],"[{""source"": ""EU-EMA"", ""title"": ""EMA 審查中：Rezvilutamide"", ""summary"": ""Treatment of high-volume metastatic hormone-sensitive prostate cancer (mHSPC) in adults"", ""url"": ""https://www.ema.europa.eu/en/documents/report/applications-new-human-medicines-under-evaluation-august-2026_en.xlsx"", ""date"": ""2026-08-04"", ""extras"": {""kind"": ""under_evaluation"", ""snapshot"": true, ""orphan"": false, ""prime"": false, ""accelerated"": false, ""ema_product_no"": ""EMEA/H/C/006852""}}]"
Ruxolitinib,True,,,"Treatment of myelofibrosis (MF) in adults, treatment of polycythaemia vera (PV) in adults and treatment of Graft versus host disease (GvHD) in adults and children",,EU-EMA,2026-08-04,foreign_review_tw_pending,⏳ 國外審查中 ｜ 台灣未送件,"{""stages"": [{""id"": ""foreign-1"", ""reached"": true, ""label"": ""實證文獻"", ""title"": ""臨床實證已登錄"", ""url"": ""https://pubmed.ncbi.nlm.nih.gov/?term=Ruxolitinib+AND+(Phase+3+OR+%22Phase+III%22+OR+%22clinical+trial%22)+AND+(%22last+1+years%22%5BPDat%5D)"", ""temp_class"": ""temp-blue""}, {""id"": ""foreign-2"", ""reached"": true, ""label"": ""國外審查"", ""title"": ""EMA 審查中"", ""url"": ""https://www.ema.europa.eu/en/documents/report/applications-new-human-medicines-under-evaluation-august-2026_en.xlsx"", ""temp_class"": ""temp-amber""}, {""id"": ""foreign-3"", ""reached"": false, ""label"": ""國外核准"", ""title"": ""尚未出現"", ""url"": ""https://www.fda.gov/drugs/development-approval-process-drugs/novel-drug-approvals-fda"", ""temp_class"": ""temp-red""}], ""active_count"": 2, ""highest_title"": ""EMA 審查中""}","{""stages"": [{""id"": ""tw-1"", ""reached"": false, ""label"": ""台灣審查"", ""title"": ""尚未出現"", ""url"": ""https://www.fda.gov.tw/tc/siteSearch.aspx?q=Ruxolitinib"", ""temp_class"": ""temp-blue""}, {""id"": ""tw-2"", ""reached"": false, ""label"": ""取得藥證"", ""title"": ""尚未出現"", ""url"": ""https://www.fda.gov.tw/tc/sitelist.aspx?sid=2712"", ""temp_class"": ""temp-teal""}, {""id"": ""tw-3"", ""reached"": false, ""label"": ""核准健保給付"", ""title"": ""尚未出現"", ""url"": ""https://www.nhi.gov.tw/ch/cp-1296-1c080-3269-1.html"", ""temp_class"": ""temp-red""}], ""active_count"": 0, ""license_no"": """", ""highest_title"": ""尚未出現""}","{""code"": ""foreign_review_tw_pending"", ""label"": ""⏳ 國外審查中 ｜ 台灣未送件"", ""badge_class"": ""badge-gap-warning"", ""desc"": ""國外 EMA / FDA 審查進行中，台灣尚未有公開申請紀錄""}",[],"[{""source"": ""EU-EMA"", ""title"": ""EMA 審查中：Ruxolitinib"", ""summary"": ""Treatment of myelofibrosis (MF) in adults, treatment of polycythaemia vera (PV) in adults and treatment of Graft versus host disease (GvHD) in adults and children"", ""url"": ""https://www.ema.europa.eu/en/documents/report/applications-new-human-medicines-under-evaluation-august-2026_en.xlsx"", ""date"": ""2026-08-04"", ""extras"": {""kind"": ""under_evaluation"", ""snapshot"": true, ""orphan"": false, ""prime"": false, ""accelerated"": false, ""ema_product_no"": ""EMEA/H/C/006791""}}]"
Semaglutide,True,,,Treatment of type 2 diabetes in adults,,EU-EMA,2026-08-04,foreign_review_tw_pending,⏳ 國外審查中 ｜ 台灣未送件,"{""stages"": [{""id"": ""foreign-1"", ""reached"": true, ""label"": ""實證文獻"", ""title"": ""臨床實證已登錄"", ""url"": ""https://pubmed.ncbi.nlm.nih.gov/?term=Semaglutide+AND+(Phase+3+OR+%22Phase+III%22+OR+%22clinical+trial%22)+AND+(%22last+1+years%22%5BPDat%5D)"", ""temp_class"": ""temp-blue""}, {""id"": ""foreign-2"", ""reached"": true, ""label"": ""國外審查"", ""title"": ""EMA 審查中"", ""url"": ""https://www.ema.europa.eu/en/documents/report/applications-new-human-medicines-under-evaluation-august-2026_en.xlsx"", ""temp_class"": ""temp-amber""}, {""id"": ""foreign-3"", ""reached"": false, ""label"": ""國外核准"", ""title"": ""尚未出現"", ""url"": ""https://www.fda.gov/drugs/development-approval-process-drugs/novel-drug-approvals-fda"", ""temp_class"": ""temp-red""}], ""active_count"": 2, ""highest_title"": ""EMA 審查中""}","{""stages"": [{""id"": ""tw-1"", ""reached"": false, ""label"": ""台灣審查"", ""title"": ""尚未出現"", ""url"": ""https://www.fda.gov.tw/tc/siteSearch.aspx?q=Semaglutide"", ""temp_class"": ""temp-blue""}, {""id"": ""tw-2"", ""reached"": false, ""label"": ""取得藥證"", ""title"": ""尚未出現"", ""url"": ""https://www.fda.gov.tw/tc/sitelist.aspx?sid=2712"", ""temp_class"": ""temp-teal""}, {""id"": ""tw-3"", ""reached"": false, ""label"": ""核准健保給付"", ""title"": ""尚未出現"", ""url"": ""https://www.nhi.gov.tw/ch/cp-1296-1c080-3269-1.html"", ""temp_class"": ""temp-red""}], ""active_count"": 0, ""license_no"": """", ""highest_title"": ""尚未出現""}","{""code"": ""foreign_review_tw_pending"", ""label"": ""⏳ 國外審查中 ｜ 台灣未送件"", ""badge_class"": ""badge-gap-warning"", ""desc"": ""國外 EMA / FDA 審查進行中，台灣尚未有公開申請紀錄""}",[],"[{""source"": ""EU-EMA"", ""title"": ""EMA 審查中：Semaglutide"", ""summary"": ""Treatment of type 2 diabetes in adults"", ""url"": ""https://www.ema.europa.eu/en/documents/report/applications-new-human-medicines-under-evaluation-august-2026_en.xlsx"", ""date"": ""2026-08-04"", ""extras"": {""kind"": ""under_evaluation"", ""snapshot"": true, ""orphan"": false, ""prime"": false, ""accelerated"": false, ""ema_product_no"": ""EMEA/H/C/006847""}}]"
Senaparib,True,,,"Maintenance treatment of advanced epithelial high-grade ovarian, fallopian tube or primary peritoneal cancer",,EU-EMA,2026-08-04,foreign_review_tw_pending,⏳ 國外審查中 ｜ 台灣未送件,"{""stages"": [{""id"": ""foreign-1"", ""reached"": true, ""label"": ""實證文獻"", ""title"": ""臨床實證已登錄"", ""url"": ""https://pubmed.ncbi.nlm.nih.gov/?term=Senaparib+AND+(Phase+3+OR+%22Phase+III%22+OR+%22clinical+trial%22)+AND+(%22last+1+years%22%5BPDat%5D)"", ""temp_class"": ""temp-blue""}, {""id"": ""foreign-2"", ""reached"": true, ""label"": ""國外審查"", ""title"": ""EMA 審查中"", ""url"": ""https://www.ema.europa.eu/en/documents/report/applications-new-human-medicines-under-evaluation-august-2026_en.xlsx"", ""temp_class"": ""temp-amber""}, {""id"": ""foreign-3"", ""reached"": false, ""label"": ""國外核准"", ""title"": ""尚未出現"", ""url"": ""https://www.fda.gov/drugs/development-approval-process-drugs/novel-drug-approvals-fda"", ""temp_class"": ""temp-red""}], ""active_count"": 2, ""highest_title"": ""EMA 審查中""}","{""stages"": [{""id"": ""tw-1"", ""reached"": false, ""label"": ""台灣審查"", ""title"": ""尚未出現"", ""url"": ""https://www.fda.gov.tw/tc/siteSearch.aspx?q=Senaparib"", ""temp_class"": ""temp-blue""}, {""id"": ""tw-2"", ""reached"": false, ""label"": ""取得藥證"", ""title"": ""尚未出現"", ""url"": ""https://www.fda.gov.tw/tc/sitelist.aspx?sid=2712"", ""temp_class"": ""temp-teal""}, {""id"": ""tw-3"", ""reached"": false, ""label"": ""核准健保給付"", ""title"": ""尚未出現"", ""url"": ""https://www.nhi.gov.tw/ch/cp-1296-1c080-3269-1.html"", ""temp_class"": ""temp-red""}], ""active_count"": 0, ""license_no"": """", ""highest_title"": ""尚未出現""}","{""code"": ""foreign_review_tw_pending"", ""label"": ""⏳ 國外審查中 ｜ 台灣未送件"", ""badge_class"": ""badge-gap-warning"", ""desc"": ""國外 EMA / FDA 審查進行中，台灣尚未有公開申請紀錄""}",[],"[{""source"": ""EU-EMA"", ""title"": ""EMA 審查中：Senaparib"", ""summary"": ""Maintenance treatment of advanced epithelial high-grade ovarian, fallopian tube or primary peritoneal cancer"", ""url"": ""https://www.ema.europa.eu/en/documents/report/applications-new-human-medicines-under-evaluation-august-2026_en.xlsx"", ""date"": ""2026-08-04"", ""extras"": {""kind"": ""under_evaluation"", ""snapshot"": true, ""orphan"": false, ""prime"": false, ""accelerated"": false, ""ema_product_no"": ""EMEA/H/C/006708""}}]"
Sintilimab,True,,,Treatment of non-squamous non-small cell lung cancer in adults,,EU-EMA,2026-08-04,foreign_review_tw_pending,⏳ 國外審查中 ｜ 台灣未送件,"{""stages"": [{""id"": ""foreign-1"", ""reached"": true, ""label"": ""實證文獻"", ""title"": ""臨床實證已登錄"", ""url"": ""https://pubmed.ncbi.nlm.nih.gov/?term=Sintilimab+AND+(Phase+3+OR+%22Phase+III%22+OR+%22clinical+trial%22)+AND+(%22last+1+years%22%5BPDat%5D)"", ""temp_class"": ""temp-blue""}, {""id"": ""foreign-2"", ""reached"": true, ""label"": ""國外審查"", ""title"": ""EMA 審查中"", ""url"": ""https://www.ema.europa.eu/en/documents/report/applications-new-human-medicines-under-evaluation-august-2026_en.xlsx"", ""temp_class"": ""temp-amber""}, {""id"": ""foreign-3"", ""reached"": false, ""label"": ""國外核准"", ""title"": ""尚未出現"", ""url"": ""https://www.fda.gov/drugs/development-approval-process-drugs/novel-drug-approvals-fda"", ""temp_class"": ""temp-red""}], ""active_count"": 2, ""highest_title"": ""EMA 審查中""}","{""stages"": [{""id"": ""tw-1"", ""reached"": false, ""label"": ""台灣審查"", ""title"": ""尚未出現"", ""url"": ""https://www.fda.gov.tw/tc/siteSearch.aspx?q=Sintilimab"", ""temp_class"": ""temp-blue""}, {""id"": ""tw-2"", ""reached"": false, ""label"": ""取得藥證"", ""title"": ""尚未出現"", ""url"": ""https://www.fda.gov.tw/tc/sitelist.aspx?sid=2712"", ""temp_class"": ""temp-teal""}, {""id"": ""tw-3"", ""reached"": false, ""label"": ""核准健保給付"", ""title"": ""尚未出現"", ""url"": ""https://www.nhi.gov.tw/ch/cp-1296-1c080-3269-1.html"", ""temp_class"": ""temp-red""}], ""active_count"": 0, ""license_no"": """", ""highest_title"": ""尚未出現""}","{""code"": ""foreign_review_tw_pending"", ""label"": ""⏳ 國外審查中 ｜ 台灣未送件"", ""badge_class"": ""badge-gap-warning"", ""desc"": ""國外 EMA / FDA 審查進行中，台灣尚未有公開申請紀錄""}",[],"[{""source"": ""EU-EMA"", ""title"": ""EMA 審查中：Sintilimab"", ""summary"": ""Treatment of non-squamous non-small cell lung cancer in adults"", ""url"": ""https://www.ema.europa.eu/en/documents/report/applications-new-human-medicines-under-evaluation-august-2026_en.xlsx"", ""date"": ""2026-08-04"", ""extras"": {""kind"": ""under_evaluation"", ""snapshot"": true, ""orphan"": false, ""prime"": false, ""accelerated"": false, ""ema_product_no"": ""EMEA/H/C/006743""}}]"
Sonrotoclax,True,,,Treatment of adult patients with relapsed or refractory mantle cell lymphoma (MCL),臨床 三期,EU-EMA,2026-08-04,foreign_review_tw_pending,⏳ 國外審查中 ｜ 台灣未送件,"{""stages"": [{""id"": ""foreign-1"", ""reached"": true, ""label"": ""實證文獻"", ""title"": ""臨床 三期 試驗"", ""url"": ""https://pubmed.ncbi.nlm.nih.gov/?term=Sonrotoclax+AND+(Phase+3+OR+%22Phase+III%22+OR+%22clinical+trial%22)+AND+(%22last+1+years%22%5BPDat%5D)"", ""temp_class"": ""temp-blue""}, {""id"": ""foreign-2"", ""reached"": true, ""label"": ""國外審查"", ""title"": ""EMA 審查中"", ""url"": ""https://www.ema.europa.eu/en/documents/report/applications-new-human-medicines-under-evaluation-august-2026_en.xlsx"", ""temp_class"": ""temp-amber""}, {""id"": ""foreign-3"", ""reached"": false, ""label"": ""國外核准"", ""title"": ""尚未出現"", ""url"": ""https://www.fda.gov/drugs/development-approval-process-drugs/novel-drug-approvals-fda"", ""temp_class"": ""temp-red""}], ""active_count"": 2, ""highest_title"": ""EMA 審查中""}","{""stages"": [{""id"": ""tw-1"", ""reached"": false, ""label"": ""台灣審查"", ""title"": ""尚未出現"", ""url"": ""https://www.fda.gov.tw/tc/siteSearch.aspx?q=Sonrotoclax"", ""temp_class"": ""temp-blue""}, {""id"": ""tw-2"", ""reached"": false, ""label"": ""取得藥證"", ""title"": ""尚未出現"", ""url"": ""https://www.fda.gov.tw/tc/sitelist.aspx?sid=2712"", ""temp_class"": ""temp-teal""}, {""id"": ""tw-3"", ""reached"": false, ""label"": ""核准健保給付"", ""title"": ""尚未出現"", ""url"": ""https://www.nhi.gov.tw/ch/cp-1296-1c080-3269-1.html"", ""temp_class"": ""temp-red""}], ""active_count"": 0, ""license_no"": """", ""highest_title"": ""尚未出現""}","{""code"": ""foreign_review_tw_pending"", ""label"": ""⏳ 國外審查中 ｜ 台灣未送件"", ""badge_class"": ""badge-gap-warning"", ""desc"": ""國外 EMA / FDA 審查進行中，台灣尚未有公開申請紀錄""}",[],"[{""source"": ""EU-EMA"", ""title"": ""EMA 審查中：Sonrotoclax"", ""summary"": ""Treatment of adult patients with relapsed or refractory mantle cell lymphoma (MCL)"", ""url"": ""https://www.ema.europa.eu/en/documents/report/applications-new-human-medicines-under-evaluation-august-2026_en.xlsx"", ""date"": ""2026-08-04"", ""extras"": {""kind"": ""under_evaluation"", ""snapshot"": true, ""orphan"": false, ""prime"": false, ""accelerated"": false, ""ema_product_no"": ""EMEA/H/C/006770"", ""phase"": ""三期"", ""pubmed_p3_count"": 4, ""pubmed_top_id"": ""42385124""}}]"
Taletrectinib,True,,,Treatment of adults with ROS1 positive advanced non-small cell lung cancer,,EU-EMA,2026-08-04,foreign_review_tw_pending,⏳ 國外審查中 ｜ 台灣未送件,"{""stages"": [{""id"": ""foreign-1"", ""reached"": true, ""label"": ""實證文獻"", ""title"": ""臨床實證已登錄"", ""url"": ""https://pubmed.ncbi.nlm.nih.gov/?term=Taletrectinib+AND+(Phase+3+OR+%22Phase+III%22+OR+%22clinical+trial%22)+AND+(%22last+1+years%22%5BPDat%5D)"", ""temp_class"": ""temp-blue""}, {""id"": ""foreign-2"", ""reached"": true, ""label"": ""國外審查"", ""title"": ""EMA 審查中"", ""url"": ""https://www.ema.europa.eu/en/documents/report/applications-new-human-medicines-under-evaluation-august-2026_en.xlsx"", ""temp_class"": ""temp-amber""}, {""id"": ""foreign-3"", ""reached"": false, ""label"": ""國外核准"", ""title"": ""尚未出現"", ""url"": ""https://www.fda.gov/drugs/development-approval-process-drugs/novel-drug-approvals-fda"", ""temp_class"": ""temp-red""}], ""active_count"": 2, ""highest_title"": ""EMA 審查中""}","{""stages"": [{""id"": ""tw-1"", ""reached"": false, ""label"": ""台灣審查"", ""title"": ""尚未出現"", ""url"": ""https://www.fda.gov.tw/tc/siteSearch.aspx?q=Taletrectinib"", ""temp_class"": ""temp-blue""}, {""id"": ""tw-2"", ""reached"": false, ""label"": ""取得藥證"", ""title"": ""尚未出現"", ""url"": ""https://www.fda.gov.tw/tc/sitelist.aspx?sid=2712"", ""temp_class"": ""temp-teal""}, {""id"": ""tw-3"", ""reached"": false, ""label"": ""核准健保給付"", ""title"": ""尚未出現"", ""url"": ""https://www.nhi.gov.tw/ch/cp-1296-1c080-3269-1.html"", ""temp_class"": ""temp-red""}], ""active_count"": 0, ""license_no"": """", ""highest_title"": ""尚未出現""}","{""code"": ""foreign_review_tw_pending"", ""label"": ""⏳ 國外審查中 ｜ 台灣未送件"", ""badge_class"": ""badge-gap-warning"", ""desc"": ""國外 EMA / FDA 審查進行中，台灣尚未有公開申請紀錄""}",[],"[{""source"": ""EU-EMA"", ""title"": ""EMA 審查中：Taletrectinib"", ""summary"": ""Treatment of adults with ROS1 positive advanced non-small cell lung cancer"", ""url"": ""https://www.ema.europa.eu/en/documents/report/applications-new-human-medicines-under-evaluation-august-2026_en.xlsx"", ""date"": ""2026-08-04"", ""extras"": {""kind"": ""under_evaluation"", ""snapshot"": true, ""orphan"": false, ""prime"": false, ""accelerated"": false, ""ema_product_no"": ""EMEA/H/C/006896""}}]"
Tanruprubart,True,,,Treatment of Guillain-Barré syndrome in adults and children,孤兒藥,EU-EMA,2026-08-04,foreign_review_tw_pending,⏳ 國外審查中 ｜ 台灣未送件,"{""stages"": [{""id"": ""foreign-1"", ""reached"": true, ""label"": ""實證文獻"", ""title"": ""臨床實證已登錄"", ""url"": ""https://pubmed.ncbi.nlm.nih.gov/?term=Tanruprubart+AND+(Phase+3+OR+%22Phase+III%22+OR+%22clinical+trial%22)+AND+(%22last+1+years%22%5BPDat%5D)"", ""temp_class"": ""temp-blue""}, {""id"": ""foreign-2"", ""reached"": true, ""label"": ""國外審查"", ""title"": ""孤兒藥"", ""url"": ""https://www.ema.europa.eu/en/documents/report/applications-new-human-medicines-under-evaluation-august-2026_en.xlsx"", ""temp_class"": ""temp-amber""}, {""id"": ""foreign-3"", ""reached"": false, ""label"": ""國外核准"", ""title"": ""尚未出現"", ""url"": ""https://www.fda.gov/drugs/development-approval-process-drugs/novel-drug-approvals-fda"", ""temp_class"": ""temp-red""}], ""active_count"": 2, ""highest_title"": ""孤兒藥""}","{""stages"": [{""id"": ""tw-1"", ""reached"": false, ""label"": ""台灣審查"", ""title"": ""尚未出現"", ""url"": ""https://www.fda.gov.tw/tc/siteSearch.aspx?q=Tanruprubart"", ""temp_class"": ""temp-blue""}, {""id"": ""tw-2"", ""reached"": false, ""label"": ""取得藥證"", ""title"": ""尚未出現"", ""url"": ""https://www.fda.gov.tw/tc/sitelist.aspx?sid=2712"", ""temp_class"": ""temp-teal""}, {""id"": ""tw-3"", ""reached"": false, ""label"": ""核准健保給付"", ""title"": ""尚未出現"", ""url"": ""https://www.nhi.gov.tw/ch/cp-1296-1c080-3269-1.html"", ""temp_class"": ""temp-red""}], ""active_count"": 0, ""license_no"": """", ""highest_title"": ""尚未出現""}","{""code"": ""foreign_review_tw_pending"", ""label"": ""⏳ 國外審查中 ｜ 台灣未送件"", ""badge_class"": ""badge-gap-warning"", ""desc"": ""國外 EMA / FDA 審查進行中，台灣尚未有公開申請紀錄""}",[],"[{""source"": ""EU-EMA"", ""title"": ""EMA 審查中：Tanruprubart"", ""summary"": ""Treatment of Guillain-Barré syndrome in adults and children"", ""url"": ""https://www.ema.europa.eu/en/documents/report/applications-new-human-medicines-under-evaluation-august-2026_en.xlsx"", ""date"": ""2026-08-04"", ""extras"": {""kind"": ""under_evaluation"", ""snapshot"": true, ""orphan"": true, ""prime"": false, ""accelerated"": false, ""ema_product_no"": ""EMEA/H/C/006782""}}]"
Temozolomide,True,,,Treatment of adults with glioblastoma multiforme and children with malignant glioma,孤兒藥,EU-EMA,2026-08-04,foreign_review_tw_pending,⏳ 國外審查中 ｜ 台灣未送件,"{""stages"": [{""id"": ""foreign-1"", ""reached"": true, ""label"": ""實證文獻"", ""title"": ""臨床實證已登錄"", ""url"": ""https://pubmed.ncbi.nlm.nih.gov/?term=Temozolomide+AND+(Phase+3+OR+%22Phase+III%22+OR+%22clinical+trial%22)+AND+(%22last+1+years%22%5BPDat%5D)"", ""temp_class"": ""temp-blue""}, {""id"": ""foreign-2"", ""reached"": true, ""label"": ""國外審查"", ""title"": ""孤兒藥"", ""url"": ""https://www.ema.europa.eu/en/documents/report/applications-new-human-medicines-under-evaluation-august-2026_en.xlsx"", ""temp_class"": ""temp-amber""}, {""id"": ""foreign-3"", ""reached"": false, ""label"": ""國外核准"", ""title"": ""尚未出現"", ""url"": ""https://www.fda.gov/drugs/development-approval-process-drugs/novel-drug-approvals-fda"", ""temp_class"": ""temp-red""}], ""active_count"": 2, ""highest_title"": ""孤兒藥""}","{""stages"": [{""id"": ""tw-1"", ""reached"": false, ""label"": ""台灣審查"", ""title"": ""尚未出現"", ""url"": ""https://www.fda.gov.tw/tc/siteSearch.aspx?q=Temozolomide"", ""temp_class"": ""temp-blue""}, {""id"": ""tw-2"", ""reached"": false, ""label"": ""取得藥證"", ""title"": ""尚未出現"", ""url"": ""https://www.fda.gov.tw/tc/sitelist.aspx?sid=2712"", ""temp_class"": ""temp-teal""}, {""id"": ""tw-3"", ""reached"": false, ""label"": ""核准健保給付"", ""title"": ""尚未出現"", ""url"": ""https://www.nhi.gov.tw/ch/cp-1296-1c080-3269-1.html"", ""temp_class"": ""temp-red""}], ""active_count"": 0, ""license_no"": """", ""highest_title"": ""尚未出現""}","{""code"": ""foreign_review_tw_pending"", ""label"": ""⏳ 國外審查中 ｜ 台灣未送件"", ""badge_class"": ""badge-gap-warning"", ""desc"": ""國外 EMA / FDA 審查進行中，台灣尚未有公開申請紀錄""}",[],"[{""source"": ""EU-EMA"", ""title"": ""EMA 審查中：Temozolomide"", ""summary"": ""Treatment of adults with glioblastoma multiforme and children with malignant glioma"", ""url"": ""https://www.ema.europa.eu/en/documents/report/applications-new-human-medicines-under-evaluation-august-2026_en.xlsx"", ""date"": ""2026-08-04"", ""extras"": {""kind"": ""under_evaluation"", ""snapshot"": true, ""orphan"": true, ""prime"": false, ""accelerated"": false, ""ema_product_no"": ""EMEA/H/C/006892""}}]"
Tofacitinib,True,,,"Treatment of rheumatoid arthritis, psoriatic arthritis, ankylosing spondylitis, and ulcerative colitis in adults, and juvenile idiopathic arthritis (JIA) in children from 2 years old",,EU-EMA,2026-08-04,foreign_review_tw_pending,⏳ 國外審查中 ｜ 台灣未送件,"{""stages"": [{""id"": ""foreign-1"", ""reached"": true, ""label"": ""實證文獻"", ""title"": ""臨床實證已登錄"", ""url"": ""https://pubmed.ncbi.nlm.nih.gov/?term=Tofacitinib+AND+(Phase+3+OR+%22Phase+III%22+OR+%22clinical+trial%22)+AND+(%22last+1+years%22%5BPDat%5D)"", ""temp_class"": ""temp-blue""}, {""id"": ""foreign-2"", ""reached"": true, ""label"": ""國外審查"", ""title"": ""EMA 審查中"", ""url"": ""https://www.ema.europa.eu/en/documents/report/applications-new-human-medicines-under-evaluation-august-2026_en.xlsx"", ""temp_class"": ""temp-amber""}, {""id"": ""foreign-3"", ""reached"": false, ""label"": ""國外核准"", ""title"": ""尚未出現"", ""url"": ""https://www.fda.gov/drugs/development-approval-process-drugs/novel-drug-approvals-fda"", ""temp_class"": ""temp-red""}], ""active_count"": 2, ""highest_title"": ""EMA 審查中""}","{""stages"": [{""id"": ""tw-1"", ""reached"": false, ""label"": ""台灣審查"", ""title"": ""尚未出現"", ""url"": ""https://www.fda.gov.tw/tc/siteSearch.aspx?q=Tofacitinib"", ""temp_class"": ""temp-blue""}, {""id"": ""tw-2"", ""reached"": false, ""label"": ""取得藥證"", ""title"": ""尚未出現"", ""url"": ""https://www.fda.gov.tw/tc/sitelist.aspx?sid=2712"", ""temp_class"": ""temp-teal""}, {""id"": ""tw-3"", ""reached"": false, ""label"": ""核准健保給付"", ""title"": ""尚未出現"", ""url"": ""https://www.nhi.gov.tw/ch/cp-1296-1c080-3269-1.html"", ""temp_class"": ""temp-red""}], ""active_count"": 0, ""license_no"": """", ""highest_title"": ""尚未出現""}","{""code"": ""foreign_review_tw_pending"", ""label"": ""⏳ 國外審查中 ｜ 台灣未送件"", ""badge_class"": ""badge-gap-warning"", ""desc"": ""國外 EMA / FDA 審查進行中，台灣尚未有公開申請紀錄""}",[],"[{""source"": ""EU-EMA"", ""title"": ""EMA 審查中：Tofacitinib"", ""summary"": ""Treatment of rheumatoid arthritis, psoriatic arthritis, ankylosing spondylitis, and ulcerative colitis in adults, and juvenile idiopathic arthritis (JIA) in children from 2 years old"", ""url"": ""https://www.ema.europa.eu/en/documents/report/applications-new-human-medicines-under-evaluation-august-2026_en.xlsx"", ""date"": ""2026-08-04"", ""extras"": {""kind"": ""under_evaluation"", ""snapshot"": true, ""orphan"": false, ""prime"": false, ""accelerated"": false, ""ema_product_no"": ""EMEA/H/C/006698""}}]"
Tozorakimab,True,,,Treatment for chronic obstructive pulmonary disease (COPD) in adult patients,,EU-EMA,2026-08-04,foreign_review_tw_pending,⏳ 國外審查中 ｜ 台灣未送件,"{""stages"": [{""id"": ""foreign-1"", ""reached"": true, ""label"": ""實證文獻"", ""title"": ""臨床實證已登錄"", ""url"": ""https://pubmed.ncbi.nlm.nih.gov/?term=Tozorakimab+AND+(Phase+3+OR+%22Phase+III%22+OR+%22clinical+trial%22)+AND+(%22last+1+years%22%5BPDat%5D)"", ""temp_class"": ""temp-blue""}, {""id"": ""foreign-2"", ""reached"": true, ""label"": ""國外審查"", ""title"": ""EMA 審查中"", ""url"": ""https://www.ema.europa.eu/en/documents/report/applications-new-human-medicines-under-evaluation-august-2026_en.xlsx"", ""temp_class"": ""temp-amber""}, {""id"": ""foreign-3"", ""reached"": false, ""label"": ""國外核准"", ""title"": ""尚未出現"", ""url"": ""https://www.fda.gov/drugs/development-approval-process-drugs/novel-drug-approvals-fda"", ""temp_class"": ""temp-red""}], ""active_count"": 2, ""highest_title"": ""EMA 審查中""}","{""stages"": [{""id"": ""tw-1"", ""reached"": false, ""label"": ""台灣審查"", ""title"": ""尚未出現"", ""url"": ""https://www.fda.gov.tw/tc/siteSearch.aspx?q=Tozorakimab"", ""temp_class"": ""temp-blue""}, {""id"": ""tw-2"", ""reached"": false, ""label"": ""取得藥證"", ""title"": ""尚未出現"", ""url"": ""https://www.fda.gov.tw/tc/sitelist.aspx?sid=2712"", ""temp_class"": ""temp-teal""}, {""id"": ""tw-3"", ""reached"": false, ""label"": ""核准健保給付"", ""title"": ""尚未出現"", ""url"": ""https://www.nhi.gov.tw/ch/cp-1296-1c080-3269-1.html"", ""temp_class"": ""temp-red""}], ""active_count"": 0, ""license_no"": """", ""highest_title"": ""尚未出現""}","{""code"": ""foreign_review_tw_pending"", ""label"": ""⏳ 國外審查中 ｜ 台灣未送件"", ""badge_class"": ""badge-gap-warning"", ""desc"": ""國外 EMA / FDA 審查進行中，台灣尚未有公開申請紀錄""}",[],"[{""source"": ""EU-EMA"", ""title"": ""EMA 審查中：Tozorakimab"", ""summary"": ""Treatment for chronic obstructive pulmonary disease (COPD) in adult patients"", ""url"": ""https://www.ema.europa.eu/en/documents/report/applications-new-human-medicines-under-evaluation-august-2026_en.xlsx"", ""date"": ""2026-08-04"", ""extras"": {""kind"": ""under_evaluation"", ""snapshot"": true, ""orphan"": false, ""prime"": false, ""accelerated"": false, ""ema_product_no"": ""EMEA/H/C/006606""}}]"
Vedolizumab,True,,,"Treatment of Ulcerative Colitis, Crohn’s Disease and pouchitis in adults",,EU-EMA,2026-08-04,foreign_review_tw_pending,⏳ 國外審查中 ｜ 台灣未送件,"{""stages"": [{""id"": ""foreign-1"", ""reached"": true, ""label"": ""實證文獻"", ""title"": ""臨床實證已登錄"", ""url"": ""https://pubmed.ncbi.nlm.nih.gov/?term=Vedolizumab+AND+(Phase+3+OR+%22Phase+III%22+OR+%22clinical+trial%22)+AND+(%22last+1+years%22%5BPDat%5D)"", ""temp_class"": ""temp-blue""}, {""id"": ""foreign-2"", ""reached"": true, ""label"": ""國外審查"", ""title"": ""EMA 審查中"", ""url"": ""https://www.ema.europa.eu/en/documents/report/applications-new-human-medicines-under-evaluation-august-2026_en.xlsx"", ""temp_class"": ""temp-amber""}, {""id"": ""foreign-3"", ""reached"": false, ""label"": ""國外核准"", ""title"": ""尚未出現"", ""url"": ""https://www.fda.gov/drugs/development-approval-process-drugs/novel-drug-approvals-fda"", ""temp_class"": ""temp-red""}], ""active_count"": 2, ""highest_title"": ""EMA 審查中""}","{""stages"": [{""id"": ""tw-1"", ""reached"": false, ""label"": ""台灣審查"", ""title"": ""尚未出現"", ""url"": ""https://www.fda.gov.tw/tc/siteSearch.aspx?q=Vedolizumab"", ""temp_class"": ""temp-blue""}, {""id"": ""tw-2"", ""reached"": false, ""label"": ""取得藥證"", ""title"": ""尚未出現"", ""url"": ""https://www.fda.gov.tw/tc/sitelist.aspx?sid=2712"", ""temp_class"": ""temp-teal""}, {""id"": ""tw-3"", ""reached"": false, ""label"": ""核准健保給付"", ""title"": ""尚未出現"", ""url"": ""https://www.nhi.gov.tw/ch/cp-1296-1c080-3269-1.html"", ""temp_class"": ""temp-red""}], ""active_count"": 0, ""license_no"": """", ""highest_title"": ""尚未出現""}","{""code"": ""foreign_review_tw_pending"", ""label"": ""⏳ 國外審查中 ｜ 台灣未送件"", ""badge_class"": ""badge-gap-warning"", ""desc"": ""國外 EMA / FDA 審查進行中，台灣尚未有公開申請紀錄""}",[],"[{""source"": ""EU-EMA"", ""title"": ""EMA 審查中：Vedolizumab"", ""summary"": ""Treatment of Ulcerative Colitis, Crohn’s Disease and pouchitis in adults"", ""url"": ""https://www.ema.europa.eu/en/documents/report/applications-new-human-medicines-under-evaluation-august-2026_en.xlsx"", ""date"": ""2026-08-04"", ""extras"": {""kind"": ""under_evaluation"", ""snapshot"": true, ""orphan"": false, ""prime"": false, ""accelerated"": false, ""ema_product_no"": ""EMEA/H/C/006853""}}]"
Venglustat,True,,,Treatment of Type 3 Gaucher disease (GD3) in adults and children,孤兒藥,EU-EMA,2026-08-04,foreign_review_tw_pending,⏳ 國外審查中 ｜ 台灣未送件,"{""stages"": [{""id"": ""foreign-1"", ""reached"": true, ""label"": ""實證文獻"", ""title"": ""臨床實證已登錄"", ""url"": ""https://pubmed.ncbi.nlm.nih.gov/?term=Venglustat+AND+(Phase+3+OR+%22Phase+III%22+OR+%22clinical+trial%22)+AND+(%22last+1+years%22%5BPDat%5D)"", ""temp_class"": ""temp-blue""}, {""id"": ""foreign-2"", ""reached"": true, ""label"": ""國外審查"", ""title"": ""孤兒藥"", ""url"": ""https://www.ema.europa.eu/en/documents/report/applications-new-human-medicines-under-evaluation-august-2026_en.xlsx"", ""temp_class"": ""temp-amber""}, {""id"": ""foreign-3"", ""reached"": false, ""label"": ""國外核准"", ""title"": ""尚未出現"", ""url"": ""https://www.fda.gov/drugs/development-approval-process-drugs/novel-drug-approvals-fda"", ""temp_class"": ""temp-red""}], ""active_count"": 2, ""highest_title"": ""孤兒藥""}","{""stages"": [{""id"": ""tw-1"", ""reached"": false, ""label"": ""台灣審查"", ""title"": ""尚未出現"", ""url"": ""https://www.fda.gov.tw/tc/siteSearch.aspx?q=Venglustat"", ""temp_class"": ""temp-blue""}, {""id"": ""tw-2"", ""reached"": false, ""label"": ""取得藥證"", ""title"": ""尚未出現"", ""url"": ""https://www.fda.gov.tw/tc/sitelist.aspx?sid=2712"", ""temp_class"": ""temp-teal""}, {""id"": ""tw-3"", ""reached"": false, ""label"": ""核准健保給付"", ""title"": ""尚未出現"", ""url"": ""https://www.nhi.gov.tw/ch/cp-1296-1c080-3269-1.html"", ""temp_class"": ""temp-red""}], ""active_count"": 0, ""license_no"": """", ""highest_title"": ""尚未出現""}","{""code"": ""foreign_review_tw_pending"", ""label"": ""⏳ 國外審查中 ｜ 台灣未送件"", ""badge_class"": ""badge-gap-warning"", ""desc"": ""國外 EMA / FDA 審查進行中，台灣尚未有公開申請紀錄""}",[],"[{""source"": ""EU-EMA"", ""title"": ""EMA 審查中：Venglustat"", ""summary"": ""Treatment of Type 3 Gaucher disease (GD3) in adults and children"", ""url"": ""https://www.ema.europa.eu/en/documents/report/applications-new-human-medicines-under-evaluation-august-2026_en.xlsx"", ""date"": ""2026-08-04"", ""extras"": {""kind"": ""under_evaluation"", ""snapshot"": true, ""orphan"": true, ""prime"": false, ""accelerated"": false, ""ema_product_no"": ""EMEA/H/C/006778""}}]"
Zamtocabtagene autoleucel,True,,,Treatment of adults with large B-cell lymphoma,孤兒藥 / PRIME,EU-EMA,2026-08-04,foreign_review_tw_pending,⏳ 國外審查中 ｜ 台灣未送件,"{""stages"": [{""id"": ""foreign-1"", ""reached"": true, ""label"": ""實證文獻"", ""title"": ""臨床實證已登錄"", ""url"": ""https://pubmed.ncbi.nlm.nih.gov/?term=Zamtocabtagene%20autoleucel+AND+(Phase+3+OR+%22Phase+III%22+OR+%22clinical+trial%22)+AND+(%22last+1+years%22%5BPDat%5D)"", ""temp_class"": ""temp-blue""}, {""id"": ""foreign-2"", ""reached"": true, ""label"": ""國外審查"", ""title"": ""孤兒藥 / PRIME"", ""url"": ""https://www.ema.europa.eu/en/documents/report/applications-new-human-medicines-under-evaluation-august-2026_en.xlsx"", ""temp_class"": ""temp-amber""}, {""id"": ""foreign-3"", ""reached"": false, ""label"": ""國外核准"", ""title"": ""尚未出現"", ""url"": ""https://www.fda.gov/drugs/development-approval-process-drugs/novel-drug-approvals-fda"", ""temp_class"": ""temp-red""}], ""active_count"": 2, ""highest_title"": ""孤兒藥 / PRIME""}","{""stages"": [{""id"": ""tw-1"", ""reached"": false, ""label"": ""台灣審查"", ""title"": ""尚未出現"", ""url"": ""https://www.fda.gov.tw/tc/siteSearch.aspx?q=Zamtocabtagene%20autoleucel"", ""temp_class"": ""temp-blue""}, {""id"": ""tw-2"", ""reached"": false, ""label"": ""取得藥證"", ""title"": ""尚未出現"", ""url"": ""https://www.fda.gov.tw/tc/sitelist.aspx?sid=2712"", ""temp_class"": ""temp-teal""}, {""id"": ""tw-3"", ""reached"": false, ""label"": ""核准健保給付"", ""title"": ""尚未出現"", ""url"": ""https://www.nhi.gov.tw/ch/cp-1296-1c080-3269-1.html"", ""temp_class"": ""temp-red""}], ""active_count"": 0, ""license_no"": """", ""highest_title"": ""尚未出現""}","{""code"": ""foreign_review_tw_pending"", ""label"": ""⏳ 國外審查中 ｜ 台灣未送件"", ""badge_class"": ""badge-gap-warning"", ""desc"": ""國外 EMA / FDA 審查進行中，台灣尚未有公開申請紀錄""}",[],"[{""source"": ""EU-EMA"", ""title"": ""EMA 審查中：Zamtocabtagene autoleucel"", ""summary"": ""Treatment of adults with large B-cell lymphoma"", ""url"": ""https://www.ema.europa.eu/en/documents/report/applications-new-human-medicines-under-evaluation-august-2026_en.xlsx"", ""date"": ""2026-08-04"", ""extras"": {""kind"": ""under_evaluation"", ""snapshot"": true, ""orphan"": true, ""prime"": true, ""accelerated"": false, ""ema_product_no"": ""EMEA/H/C/005495""}}]"
Zopapogene imadenovec,True,,,Treatment of respiratory papillomatosis in adults,孤兒藥,EU-EMA,2026-08-04,foreign_review_tw_pending,⏳ 國外審查中 ｜ 台灣未送件,"{""stages"": [{""id"": ""foreign-1"", ""reached"": true, ""label"": ""實證文獻"", ""title"": ""臨床實證已登錄"", ""url"": ""https://pubmed.ncbi.nlm.nih.gov/?term=Zopapogene%20imadenovec+AND+(Phase+3+OR+%22Phase+III%22+OR+%22clinical+trial%22)+AND+(%22last+1+years%22%5BPDat%5D)"", ""temp_class"": ""temp-blue""}, {""id"": ""foreign-2"", ""reached"": true, ""label"": ""國外審查"", ""title"": ""孤兒藥"", ""url"": ""https://www.ema.europa.eu/en/documents/report/applications-new-human-medicines-under-evaluation-august-2026_en.xlsx"", ""temp_class"": ""temp-amber""}, {""id"": ""foreign-3"", ""reached"": false, ""label"": ""國外核准"", ""title"": ""尚未出現"", ""url"": ""https://www.fda.gov/drugs/development-approval-process-drugs/novel-drug-approvals-fda"", ""temp_class"": ""temp-red""}], ""active_count"": 2, ""highest_title"": ""孤兒藥""}","{""stages"": [{""id"": ""tw-1"", ""reached"": false, ""label"": ""台灣審查"", ""title"": ""尚未出現"", ""url"": ""https://www.fda.gov.tw/tc/siteSearch.aspx?q=Zopapogene%20imadenovec"", ""temp_class"": ""temp-blue""}, {""id"": ""tw-2"", ""reached"": false, ""label"": ""取得藥證"", ""title"": ""尚未出現"", ""url"": ""https://www.fda.gov.tw/tc/sitelist.aspx?sid=2712"", ""temp_class"": ""temp-teal""}, {""id"": ""tw-3"", ""reached"": false, ""label"": ""核准健保給付"", ""title"": ""尚未出現"", ""url"": ""https://www.nhi.gov.tw/ch/cp-1296-1c080-3269-1.html"", ""temp_class"": ""temp-red""}], ""active_count"": 0, ""license_no"": """", ""highest_title"": ""尚未出現""}","{""code"": ""foreign_review_tw_pending"", ""label"": ""⏳ 國外審查中 ｜ 台灣未送件"", ""badge_class"": ""badge-gap-warning"", ""desc"": ""國外 EMA / FDA 審查進行中，台灣尚未有公開申請紀錄""}",[],"[{""source"": ""EU-EMA"", ""title"": ""EMA 審查中：Zopapogene imadenovec"", ""summary"": ""Treatment of respiratory papillomatosis in adults"", ""url"": ""https://www.ema.europa.eu/en/documents/report/applications-new-human-medicines-under-evaluation-august-2026_en.xlsx"", ""date"": ""2026-08-04"", ""extras"": {""kind"": ""under_evaluation"", ""snapshot"": true, ""orphan"": true, ""prime"": false, ""accelerated"": false, ""ema_product_no"": ""EMEA/H/C/006508""}}]"
Apitegromab,True,,,Treatment of 5q spinal muscular atrophy (SMA),孤兒藥 / PRIME,EU-EMA,2026-08-04,foreign_review_tw_pending,⏳ 國外審查中 ｜ 台灣未送件,"{""stages"": [{""id"": ""foreign-1"", ""reached"": true, ""label"": ""實證文獻"", ""title"": ""臨床實證已登錄"", ""url"": ""https://pubmed.ncbi.nlm.nih.gov/?term=Apitegromab+AND+(Phase+3+OR+%22Phase+III%22+OR+%22clinical+trial%22)+AND+(%22last+1+years%22%5BPDat%5D)"", ""temp_class"": ""temp-blue""}, {""id"": ""foreign-2"", ""reached"": true, ""label"": ""國外審查"", ""title"": ""孤兒藥 / PRIME"", ""url"": ""https://www.ema.europa.eu/en/documents/report/applications-new-human-medicines-under-evaluation-august-2026_en.xlsx"", ""temp_class"": ""temp-amber""}, {""id"": ""foreign-3"", ""reached"": false, ""label"": ""國外核准"", ""title"": ""尚未出現"", ""url"": ""https://www.fda.gov/drugs/development-approval-process-drugs/novel-drug-approvals-fda"", ""temp_class"": ""temp-red""}], ""active_count"": 2, ""highest_title"": ""孤兒藥 / PRIME""}","{""stages"": [{""id"": ""tw-1"", ""reached"": false, ""label"": ""台灣審查"", ""title"": ""尚未出現"", ""url"": ""https://www.fda.gov.tw/tc/siteSearch.aspx?q=Apitegromab"", ""temp_class"": ""temp-blue""}, {""id"": ""tw-2"", ""reached"": false, ""label"": ""取得藥證"", ""title"": ""尚未出現"", ""url"": ""https://www.fda.gov.tw/tc/sitelist.aspx?sid=2712"", ""temp_class"": ""temp-teal""}, {""id"": ""tw-3"", ""reached"": false, ""label"": ""核准健保給付"", ""title"": ""尚未出現"", ""url"": ""https://www.nhi.gov.tw/ch/cp-1296-1c080-3269-1.html"", ""temp_class"": ""temp-red""}], ""active_count"": 0, ""license_no"": """", ""highest_title"": ""尚未出現""}","{""code"": ""foreign_review_tw_pending"", ""label"": ""⏳ 國外審查中 ｜ 台灣未送件"", ""badge_class"": ""badge-gap-warning"", ""desc"": ""國外 EMA / FDA 審查進行中，台灣尚未有公開申請紀錄""}",[],"[{""source"": ""EU-EMA"", ""title"": ""EMA 審查中：Apitegromab"", ""summary"": ""Treatment of 5q spinal muscular atrophy (SMA)"", ""url"": ""https://www.ema.europa.eu/en/documents/report/applications-new-human-medicines-under-evaluation-august-2026_en.xlsx"", ""date"": ""2026-08-04"", ""extras"": {""kind"": ""under_evaluation"", ""snapshot"": true, ""orphan"": true, ""prime"": true, ""accelerated"": false, ""ema_product_no"": ""EMEA/H/C/005909"", ""pubmed_p3_count"": 3, ""pubmed_top_id"": ""42602535""}}]"
Gadoquatrane,True,,BAYER HEALTHCARE,For contrast enhancement in magnetic resonance imaging (MRI) used for adults and paediatric patients of all ages.,臨床 三期,EU-EMA,2026-08-04,foreign_review_tw_pending,⏳ 國外審查中 ｜ 台灣未送件,"{""stages"": [{""id"": ""foreign-1"", ""reached"": true, ""label"": ""實證文獻"", ""title"": ""臨床 三期 試驗"", ""url"": ""https://pubmed.ncbi.nlm.nih.gov/?term=Gadoquatrane+AND+(Phase+3+OR+%22Phase+III%22+OR+%22clinical+trial%22)+AND+(%22last+1+years%22%5BPDat%5D)"", ""temp_class"": ""temp-blue""}, {""id"": ""foreign-2"", ""reached"": true, ""label"": ""國外審查"", ""title"": ""EMA 審查中"", ""url"": ""https://www.ema.europa.eu/en/documents/report/applications-new-human-medicines-under-evaluation-august-2026_en.xlsx"", ""temp_class"": ""temp-amber""}, {""id"": ""foreign-3"", ""reached"": false, ""label"": ""國外核准"", ""title"": ""尚未出現"", ""url"": ""https://www.fda.gov/drugs/development-approval-process-drugs/novel-drug-approvals-fda"", ""temp_class"": ""temp-red""}], ""active_count"": 2, ""highest_title"": ""EMA 審查中""}","{""stages"": [{""id"": ""tw-1"", ""reached"": false, ""label"": ""台灣審查"", ""title"": ""尚未出現"", ""url"": ""https://www.fda.gov.tw/tc/siteSearch.aspx?q=Gadoquatrane"", ""temp_class"": ""temp-blue""}, {""id"": ""tw-2"", ""reached"": false, ""label"": ""取得藥證"", ""title"": ""尚未出現"", ""url"": ""https://www.fda.gov.tw/tc/sitelist.aspx?sid=2712"", ""temp_class"": ""temp-teal""}, {""id"": ""tw-3"", ""reached"": false, ""label"": ""核准健保給付"", ""title"": ""尚未出現"", ""url"": ""https://www.nhi.gov.tw/ch/cp-1296-1c080-3269-1.html"", ""temp_class"": ""temp-red""}], ""active_count"": 0, ""license_no"": """", ""highest_title"": ""尚未出現""}","{""code"": ""foreign_review_tw_pending"", ""label"": ""⏳ 國外審查中 ｜ 台灣未送件"", ""badge_class"": ""badge-gap-warning"", ""desc"": ""國外 EMA / FDA 審查進行中，台灣尚未有公開申請紀錄""}",[],"[{""source"": ""EU-EMA"", ""title"": ""EMA 審查中：Gadoquatrane"", ""summary"": ""For contrast enhancement in magnetic resonance imaging (MRI) used for adults and paediatric patients of all ages."", ""url"": ""https://www.ema.europa.eu/en/documents/report/applications-new-human-medicines-under-evaluation-august-2026_en.xlsx"", ""date"": ""2026-08-04"", ""extras"": {""kind"": ""under_evaluation"", ""snapshot"": true, ""orphan"": false, ""prime"": false, ""accelerated"": false, ""ema_product_no"": ""EMEA/H/C/006443"", ""application_no"": ""NDA219627"", ""phase"": ""三期"", ""pubmed_p3_count"": 3, ""pubmed_top_id"": ""40495655""}}]"
Anselamimab,True,,,Treatment of adult patients with kappa light chain amyloidosis,孤兒藥,EU-EMA,2026-08-04,foreign_review_tw_pending,⏳ 國外審查中 ｜ 台灣未送件,"{""stages"": [{""id"": ""foreign-1"", ""reached"": true, ""label"": ""實證文獻"", ""title"": ""臨床實證已登錄"", ""url"": ""https://pubmed.ncbi.nlm.nih.gov/?term=Anselamimab+AND+(Phase+3+OR+%22Phase+III%22+OR+%22clinical+trial%22)+AND+(%22last+1+years%22%5BPDat%5D)"", ""temp_class"": ""temp-blue""}, {""id"": ""foreign-2"", ""reached"": true, ""label"": ""國外審查"", ""title"": ""孤兒藥"", ""url"": ""https://www.ema.europa.eu/en/documents/report/applications-new-human-medicines-under-evaluation-august-2026_en.xlsx"", ""temp_class"": ""temp-amber""}, {""id"": ""foreign-3"", ""reached"": false, ""label"": ""國外核准"", ""title"": ""尚未出現"", ""url"": ""https://www.fda.gov/drugs/development-approval-process-drugs/novel-drug-approvals-fda"", ""temp_class"": ""temp-red""}], ""active_count"": 2, ""highest_title"": ""孤兒藥""}","{""stages"": [{""id"": ""tw-1"", ""reached"": false, ""label"": ""台灣審查"", ""title"": ""尚未出現"", ""url"": ""https://www.fda.gov.tw/tc/siteSearch.aspx?q=Anselamimab"", ""temp_class"": ""temp-blue""}, {""id"": ""tw-2"", ""reached"": false, ""label"": ""取得藥證"", ""title"": ""尚未出現"", ""url"": ""https://www.fda.gov.tw/tc/sitelist.aspx?sid=2712"", ""temp_class"": ""temp-teal""}, {""id"": ""tw-3"", ""reached"": false, ""label"": ""核准健保給付"", ""title"": ""尚未出現"", ""url"": ""https://www.nhi.gov.tw/ch/cp-1296-1c080-3269-1.html"", ""temp_class"": ""temp-red""}], ""active_count"": 0, ""license_no"": """", ""highest_title"": ""尚未出現""}","{""code"": ""foreign_review_tw_pending"", ""label"": ""⏳ 國外審查中 ｜ 台灣未送件"", ""badge_class"": ""badge-gap-warning"", ""desc"": ""國外 EMA / FDA 審查進行中，台灣尚未有公開申請紀錄""}",[],"[{""source"": ""EU-EMA"", ""title"": ""EMA 審查中：Anselamimab"", ""summary"": ""Treatment of adult patients with kappa light chain amyloidosis"", ""url"": ""https://www.ema.europa.eu/en/documents/report/applications-new-human-medicines-under-evaluation-august-2026_en.xlsx"", ""date"": ""2026-08-04"", ""extras"": {""kind"": ""under_evaluation"", ""snapshot"": true, ""orphan"": true, ""prime"": false, ""accelerated"": false, ""ema_product_no"": ""EMEA/H/C/006422"", ""pubmed_p3_count"": 2, ""pubmed_top_id"": ""42526048""}}]"
Cefepime / Zidebactam,True,,,Treatment of a number of infections in adults,,EU-EMA,2026-08-04,foreign_review_tw_pending,⏳ 國外審查中 ｜ 台灣未送件,"{""stages"": [{""id"": ""foreign-1"", ""reached"": true, ""label"": ""實證文獻"", ""title"": ""臨床實證已登錄"", ""url"": ""https://pubmed.ncbi.nlm.nih.gov/?term=Cefepime%20/%20Zidebactam+AND+(Phase+3+OR+%22Phase+III%22+OR+%22clinical+trial%22)+AND+(%22last+1+years%22%5BPDat%5D)"", ""temp_class"": ""temp-blue""}, {""id"": ""foreign-2"", ""reached"": true, ""label"": ""國外審查"", ""title"": ""EMA 審查中"", ""url"": ""https://www.ema.europa.eu/en/documents/report/applications-new-human-medicines-under-evaluation-august-2026_en.xlsx"", ""temp_class"": ""temp-amber""}, {""id"": ""foreign-3"", ""reached"": false, ""label"": ""國外核准"", ""title"": ""尚未出現"", ""url"": ""https://www.fda.gov/drugs/development-approval-process-drugs/novel-drug-approvals-fda"", ""temp_class"": ""temp-red""}], ""active_count"": 2, ""highest_title"": ""EMA 審查中""}","{""stages"": [{""id"": ""tw-1"", ""reached"": false, ""label"": ""台灣審查"", ""title"": ""尚未出現"", ""url"": ""https://www.fda.gov.tw/tc/siteSearch.aspx?q=Cefepime%20/%20Zidebactam"", ""temp_class"": ""temp-blue""}, {""id"": ""tw-2"", ""reached"": false, ""label"": ""取得藥證"", ""title"": ""尚未出現"", ""url"": ""https://www.fda.gov.tw/tc/sitelist.aspx?sid=2712"", ""temp_class"": ""temp-teal""}, {""id"": ""tw-3"", ""reached"": false, ""label"": ""核准健保給付"", ""title"": ""尚未出現"", ""url"": ""https://www.nhi.gov.tw/ch/cp-1296-1c080-3269-1.html"", ""temp_class"": ""temp-red""}], ""active_count"": 0, ""license_no"": """", ""highest_title"": ""尚未出現""}","{""code"": ""foreign_review_tw_pending"", ""label"": ""⏳ 國外審查中 ｜ 台灣未送件"", ""badge_class"": ""badge-gap-warning"", ""desc"": ""國外 EMA / FDA 審查進行中，台灣尚未有公開申請紀錄""}",[],"[{""source"": ""EU-EMA"", ""title"": ""EMA 審查中：Cefepime / Zidebactam"", ""summary"": ""Treatment of a number of infections in adults"", ""url"": ""https://www.ema.europa.eu/en/documents/report/applications-new-human-medicines-under-evaluation-august-2026_en.xlsx"", ""date"": ""2026-08-04"", ""extras"": {""kind"": ""under_evaluation"", ""snapshot"": true, ""orphan"": false, ""prime"": false, ""accelerated"": false, ""ema_product_no"": ""EMEA/H/C/006799"", ""pubmed_p3_count"": 2, ""pubmed_top_id"": ""41754823""}}]"
Navepegritide,True,,,Treatment of achondroplasia in children,孤兒藥,EU-EMA,2026-08-04,foreign_review_tw_pending,⏳ 國外審查中 ｜ 台灣未送件,"{""stages"": [{""id"": ""foreign-1"", ""reached"": true, ""label"": ""實證文獻"", ""title"": ""臨床實證已登錄"", ""url"": ""https://pubmed.ncbi.nlm.nih.gov/?term=Navepegritide+AND+(Phase+3+OR+%22Phase+III%22+OR+%22clinical+trial%22)+AND+(%22last+1+years%22%5BPDat%5D)"", ""temp_class"": ""temp-blue""}, {""id"": ""foreign-2"", ""reached"": true, ""label"": ""國外審查"", ""title"": ""孤兒藥"", ""url"": ""https://www.ema.europa.eu/en/documents/report/applications-new-human-medicines-under-evaluation-august-2026_en.xlsx"", ""temp_class"": ""temp-amber""}, {""id"": ""foreign-3"", ""reached"": false, ""label"": ""國外核准"", ""title"": ""尚未出現"", ""url"": ""https://www.fda.gov/drugs/development-approval-process-drugs/novel-drug-approvals-fda"", ""temp_class"": ""temp-red""}], ""active_count"": 2, ""highest_title"": ""孤兒藥""}","{""stages"": [{""id"": ""tw-1"", ""reached"": false, ""label"": ""台灣審查"", ""title"": ""尚未出現"", ""url"": ""https://www.fda.gov.tw/tc/siteSearch.aspx?q=Navepegritide"", ""temp_class"": ""temp-blue""}, {""id"": ""tw-2"", ""reached"": false, ""label"": ""取得藥證"", ""title"": ""尚未出現"", ""url"": ""https://www.fda.gov.tw/tc/sitelist.aspx?sid=2712"", ""temp_class"": ""temp-teal""}, {""id"": ""tw-3"", ""reached"": false, ""label"": ""核准健保給付"", ""title"": ""尚未出現"", ""url"": ""https://www.nhi.gov.tw/ch/cp-1296-1c080-3269-1.html"", ""temp_class"": ""temp-red""}], ""active_count"": 0, ""license_no"": """", ""highest_title"": ""尚未出現""}","{""code"": ""foreign_review_tw_pending"", ""label"": ""⏳ 國外審查中 ｜ 台灣未送件"", ""badge_class"": ""badge-gap-warning"", ""desc"": ""國外 EMA / FDA 審查進行中，台灣尚未有公開申請紀錄""}",[],"[{""source"": ""EU-EMA"", ""title"": ""EMA 審查中：Navepegritide"", ""summary"": ""Treatment of achondroplasia in children"", ""url"": ""https://www.ema.europa.eu/en/documents/report/applications-new-human-medicines-under-evaluation-august-2026_en.xlsx"", ""date"": ""2026-08-04"", ""extras"": {""kind"": ""under_evaluation"", ""snapshot"": true, ""orphan"": true, ""prime"": false, ""accelerated"": false, ""ema_product_no"": ""EMEA/H/C/006627"", ""pubmed_p3_count"": 2, ""pubmed_top_id"": ""42144862""}}]"
Veligrotug,True,,VIRIDIAN THERAPEUTICS INC,Treatment of moderate to severe thyroid eye disease in adults,臨床 三期,EU-EMA,2026-08-04,foreign_review_tw_pending,⏳ 國外審查中 ｜ 台灣未送件,"{""stages"": [{""id"": ""foreign-1"", ""reached"": true, ""label"": ""實證文獻"", ""title"": ""臨床 三期 試驗"", ""url"": ""https://pubmed.ncbi.nlm.nih.gov/?term=Veligrotug+AND+(Phase+3+OR+%22Phase+III%22+OR+%22clinical+trial%22)+AND+(%22last+1+years%22%5BPDat%5D)"", ""temp_class"": ""temp-blue""}, {""id"": ""foreign-2"", ""reached"": true, ""label"": ""國外審查"", ""title"": ""EMA 審查中"", ""url"": ""https://www.ema.europa.eu/en/documents/report/applications-new-human-medicines-under-evaluation-august-2026_en.xlsx"", ""temp_class"": ""temp-amber""}, {""id"": ""foreign-3"", ""reached"": false, ""label"": ""國外核准"", ""title"": ""尚未出現"", ""url"": ""https://www.fda.gov/drugs/development-approval-process-drugs/novel-drug-approvals-fda"", ""temp_class"": ""temp-red""}], ""active_count"": 2, ""highest_title"": ""EMA 審查中""}","{""stages"": [{""id"": ""tw-1"", ""reached"": false, ""label"": ""台灣審查"", ""title"": ""尚未出現"", ""url"": ""https://www.fda.gov.tw/tc/siteSearch.aspx?q=Veligrotug"", ""temp_class"": ""temp-blue""}, {""id"": ""tw-2"", ""reached"": false, ""label"": ""取得藥證"", ""title"": ""尚未出現"", ""url"": ""https://www.fda.gov.tw/tc/sitelist.aspx?sid=2712"", ""temp_class"": ""temp-teal""}, {""id"": ""tw-3"", ""reached"": false, ""label"": ""核准健保給付"", ""title"": ""尚未出現"", ""url"": ""https://www.nhi.gov.tw/ch/cp-1296-1c080-3269-1.html"", ""temp_class"": ""temp-red""}], ""active_count"": 0, ""license_no"": """", ""highest_title"": ""尚未出現""}","{""code"": ""foreign_review_tw_pending"", ""label"": ""⏳ 國外審查中 ｜ 台灣未送件"", ""badge_class"": ""badge-gap-warning"", ""desc"": ""國外 EMA / FDA 審查進行中，台灣尚未有公開申請紀錄""}",[],"[{""source"": ""EU-EMA"", ""title"": ""EMA 審查中：Veligrotug"", ""summary"": ""Treatment of moderate to severe thyroid eye disease in adults"", ""url"": ""https://www.ema.europa.eu/en/documents/report/applications-new-human-medicines-under-evaluation-august-2026_en.xlsx"", ""date"": ""2026-08-04"", ""extras"": {""kind"": ""under_evaluation"", ""snapshot"": true, ""orphan"": false, ""prime"": false, ""accelerated"": false, ""ema_product_no"": ""EMEA/H/C/006813"", ""application_no"": ""BLA761530"", ""phase"": ""三期"", ""pubmed_p3_count"": 2, ""pubmed_top_id"": ""42223386""}}]"
Aceclidine,True,,,Treatment of presbyopia in adults,,EU-EMA,2026-08-04,foreign_review_tw_pending,⏳ 國外審查中 ｜ 台灣未送件,"{""stages"": [{""id"": ""foreign-1"", ""reached"": true, ""label"": ""實證文獻"", ""title"": ""臨床實證已登錄"", ""url"": ""https://pubmed.ncbi.nlm.nih.gov/?term=Aceclidine+AND+(Phase+3+OR+%22Phase+III%22+OR+%22clinical+trial%22)+AND+(%22last+1+years%22%5BPDat%5D)"", ""temp_class"": ""temp-blue""}, {""id"": ""foreign-2"", ""reached"": true, ""label"": ""國外審查"", ""title"": ""EMA 審查中"", ""url"": ""https://www.ema.europa.eu/en/documents/report/applications-new-human-medicines-under-evaluation-august-2026_en.xlsx"", ""temp_class"": ""temp-amber""}, {""id"": ""foreign-3"", ""reached"": false, ""label"": ""國外核准"", ""title"": ""尚未出現"", ""url"": ""https://www.fda.gov/drugs/development-approval-process-drugs/novel-drug-approvals-fda"", ""temp_class"": ""temp-red""}], ""active_count"": 2, ""highest_title"": ""EMA 審查中""}","{""stages"": [{""id"": ""tw-1"", ""reached"": false, ""label"": ""台灣審查"", ""title"": ""尚未出現"", ""url"": ""https://www.fda.gov.tw/tc/siteSearch.aspx?q=Aceclidine"", ""temp_class"": ""temp-blue""}, {""id"": ""tw-2"", ""reached"": false, ""label"": ""取得藥證"", ""title"": ""尚未出現"", ""url"": ""https://www.fda.gov.tw/tc/sitelist.aspx?sid=2712"", ""temp_class"": ""temp-teal""}, {""id"": ""tw-3"", ""reached"": false, ""label"": ""核准健保給付"", ""title"": ""尚未出現"", ""url"": ""https://www.nhi.gov.tw/ch/cp-1296-1c080-3269-1.html"", ""temp_class"": ""temp-red""}], ""active_count"": 0, ""license_no"": """", ""highest_title"": ""尚未出現""}","{""code"": ""foreign_review_tw_pending"", ""label"": ""⏳ 國外審查中 ｜ 台灣未送件"", ""badge_class"": ""badge-gap-warning"", ""desc"": ""國外 EMA / FDA 審查進行中，台灣尚未有公開申請紀錄""}",[],"[{""source"": ""EU-EMA"", ""title"": ""EMA 審查中：Aceclidine"", ""summary"": ""Treatment of presbyopia in adults"", ""url"": ""https://www.ema.europa.eu/en/documents/report/applications-new-human-medicines-under-evaluation-august-2026_en.xlsx"", ""date"": ""2026-08-04"", ""extras"": {""kind"": ""under_evaluation"", ""snapshot"": true, ""orphan"": false, ""prime"": false, ""accelerated"": false, ""ema_product_no"": ""EMEA/H/C/006857"", ""pubmed_p3_count"": 0}}]"
Bilayer engineered skin composed of autologous keratinocytes and allogeneic fibroblasts embedded in an allogeneic plasma matrix,True,,,Treatment of adults and children with partial deep dermal and full-thickness burns.,孤兒藥,EU-EMA,2026-08-04,foreign_review_tw_pending,⏳ 國外審查中 ｜ 台灣未送件,"{""stages"": [{""id"": ""foreign-1"", ""reached"": true, ""label"": ""實證文獻"", ""title"": ""臨床實證已登錄"", ""url"": ""https://pubmed.ncbi.nlm.nih.gov/?term=Bilayer%20engineered%20skin%20composed%20of%20autologous%20keratinocytes%20and%20allogeneic%20fibroblasts%20embedded%20in%20an%20allogeneic%20plasma%20matrix+AND+(Phase+3+OR+%22Phase+III%22+OR+%22clinical+trial%22)+AND+(%22last+1+years%22%5BPDat%5D)"", ""temp_class"": ""temp-blue""}, {""id"": ""foreign-2"", ""reached"": true, ""label"": ""國外審查"", ""title"": ""孤兒藥"", ""url"": ""https://www.ema.europa.eu/en/documents/report/applications-new-human-medicines-under-evaluation-august-2026_en.xlsx"", ""temp_class"": ""temp-amber""}, {""id"": ""foreign-3"", ""reached"": false, ""label"": ""國外核准"", ""title"": ""尚未出現"", ""url"": ""https://www.fda.gov/drugs/development-approval-process-drugs/novel-drug-approvals-fda"", ""temp_class"": ""temp-red""}], ""active_count"": 2, ""highest_title"": ""孤兒藥""}","{""stages"": [{""id"": ""tw-1"", ""reached"": false, ""label"": ""台灣審查"", ""title"": ""尚未出現"", ""url"": ""https://www.fda.gov.tw/tc/siteSearch.aspx?q=Bilayer%20engineered%20skin%20composed%20of%20autologous%20keratinocytes%20and%20allogeneic%20fibroblasts%20embedded%20in%20an%20allogeneic%20plasma%20matrix"", ""temp_class"": ""temp-blue""}, {""id"": ""tw-2"", ""reached"": false, ""label"": ""取得藥證"", ""title"": ""尚未出現"", ""url"": ""https://www.fda.gov.tw/tc/sitelist.aspx?sid=2712"", ""temp_class"": ""temp-teal""}, {""id"": ""tw-3"", ""reached"": false, ""label"": ""核准健保給付"", ""title"": ""尚未出現"", ""url"": ""https://www.nhi.gov.tw/ch/cp-1296-1c080-3269-1.html"", ""temp_class"": ""temp-red""}], ""active_count"": 0, ""license_no"": """", ""highest_title"": ""尚未出現""}","{""code"": ""foreign_review_tw_pending"", ""label"": ""⏳ 國外審查中 ｜ 台灣未送件"", ""badge_class"": ""badge-gap-warning"", ""desc"": ""國外 EMA / FDA 審查進行中，台灣尚未有公開申請紀錄""}",[],"[{""source"": ""EU-EMA"", ""title"": ""EMA 審查中：Bilayer engineered skin composed of autologous keratinocytes and allogeneic fibroblasts embedded in an allogeneic plasma matrix"", ""summary"": ""Treatment of adults and children with partial deep dermal and full-thickness burns."", ""url"": ""https://www.ema.europa.eu/en/documents/report/applications-new-human-medicines-under-evaluation-august-2026_en.xlsx"", ""date"": ""2026-08-04"", ""extras"": {""kind"": ""under_evaluation"", ""snapshot"": true, ""orphan"": true, ""prime"": false, ""accelerated"": false, ""ema_product_no"": ""EMEA/H/C/006357"", ""pubmed_p3_count"": 0}}]"
